날짜,OIL_DU
2023-10-20,90.66
2023-10-19,90.83
2023-10-18,90.53
2023-10-17,89.84
2023-10-16,89.61
2023-10-13,90.12
2023-10-12,87.37
2023-10-11,87.21
2023-10-10,88.22
2023-10-09,88.53
2023-10-06,85.88
2023-10-05,85.5
2023-10-04,86.93
2023-10-03,91.43
2023-10-02,91.33
2023-09-29,92.51
2023-09-28,93.28
2023-09-27,94.98
2023-09-26,93.08
2023-09-25,92.28
2023-09-22,93.05
2023-09-21,93.04
2023-09-20,93.14
2023-09-19,93.15
2023-09-18,93.64
2023-09-15,93.56
2023-09-14,93.45
2023-09-13,92.18
2023-09-12,92.34
2023-09-11,91.38
2023-09-08,91.37
2023-09-07,90.86
2023-09-06,91.69
2023-09-05,90.8
2023-09-01,89.68
2023-08-31,88.06
2023-08-30,86.16
2023-08-29,85.98
2023-08-28,85.27
2023-08-25,85.35
2023-08-24,84.27
2023-08-23,86.09
2023-08-22,86.28
2023-08-21,86.36
2023-08-18,86.44
2023-08-17,86.0
2023-08-16,85.68
2023-08-15,86.39
2023-08-14,87.2
2023-08-11,87.63
2023-08-10,87.32
2023-08-09,88.17
2023-08-08,87.47
2023-08-07,86.75
2023-08-04,87.23
2023-08-03,86.19
2023-08-02,84.32
2023-08-01,85.58
2023-07-31,85.81
2023-07-28,85.0
2023-07-27,84.23
2023-07-26,83.12
2023-07-25,84.09
2023-07-24,83.19
2023-07-21,79.9
2023-07-20,79.41
2023-07-19,79.3
2023-07-18,79.33
2023-07-17,78.83
2023-07-14,79.31
2023-07-13,79.89
2023-07-12,79.08
2023-07-11,78.8
2023-07-10,77.62
2023-07-07,78.24
2023-07-06,76.54
2023-07-05,76.42
2023-07-03,74.91
2023-06-30,75.55
2023-06-29,74.59
2023-06-28,74.55
2023-06-27,72.46
2023-06-26,74.14
2023-06-23,74.88
2023-06-22,74.91
2023-06-21,75.7
2023-06-20,75.1
2023-06-16,75.2
2023-06-15,74.69
2023-06-14,73.42
2023-06-13,73.89
2023-06-12,72.41
2023-06-09,74.38
2023-06-08,75.2
2023-06-07,75.83
2023-06-06,75.5
2023-06-05,75.14
2023-06-02,74.41
2023-06-01,72.75
2023-05-31,70.94
2023-05-30,72.08
2023-05-26,75.51
2023-05-25,74.66
2023-05-24,76.78
2023-05-23,74.99
2023-05-22,74.77
2023-05-19,74.61
2023-05-18,74.76
2023-05-17,75.18
2023-05-16,74.42
2023-05-15,74.54
2023-05-12,74.01
2023-05-11,74.74
2023-05-10,75.64
2023-05-09,76.55
2023-05-08,76.25
2023-05-05,74.88
2023-05-04,72.5
2023-05-03,72.28
2023-05-02,75.01
2023-05-01,79.24
2023-04-28,80.26
2023-04-27,77.48
2023-04-26,76.75
2023-04-25,79.95
2023-04-24,81.81
2023-04-21,80.82
2023-04-20,83.55
2023-04-19,84.36
2023-04-18,85.0
2023-04-17,84.95
2023-04-14,85.64
2023-04-13,85.61
2023-04-12,86.35
2023-04-11,85.19
2023-04-10,84.28
2023-04-07,84.99
2023-04-06,84.99
2023-04-05,84.59
2023-04-04,84.47
2023-04-03,84.69
2023-03-31,79.39
2023-03-30,77.77
2023-03-29,76.77
2023-03-28,77.31
2023-03-27,77.14
2023-03-24,74.1
2023-03-23,78.13
2023-03-22,78.35
2023-03-21,77.97
2023-03-20,77.37
2023-03-17,77.14
2023-03-16,77.85
2023-03-15,77.25
2023-03-14,79.2
2023-03-13,81.01
2023-03-10,82.16
2023-03-09,81.24
2023-03-08,81.97
2023-03-07,82.07
2023-03-06,84.4
2023-03-03,84.31
2023-03-02,83.06
2023-03-01,82.34
2023-02-28,81.43
2023-02-27,80.26
2023-02-24,81.2
2023-02-23,80.06
2023-02-22,78.38
2023-02-21,80.49
2023-02-17,82.07
2023-02-16,82.83
2023-02-15,82.95
2023-02-14,83.05
2023-02-13,83.52
2023-02-10,83.15
2023-02-09,81.86
2023-02-08,82.17
2023-02-07,81.19
2023-02-06,78.97
2023-02-03,78.1
2023-02-02,80.07
2023-02-01,80.32
2023-01-31,82.35
2023-01-30,81.16
2023-01-27,83.16
2023-01-26,84.02
2023-01-25,83.02
2023-01-24,83.12
2023-01-23,81.07
2023-01-20,81.0
2023-01-19,80.49
2023-01-18,80.19
2023-01-17,80.66
2023-01-13,80.02
2023-01-12,79.39
2023-01-11,78.68
2023-01-10,77.06
2023-01-09,76.43
2023-01-06,75.4
2023-01-05,75.46
2023-01-04,74.69
2023-01-03,77.91
2022-12-30,81.06
2022-12-29,78.68
2022-12-28,79.45
2022-12-27,80.29
2022-12-23,80.11
2022-12-22,76.87
2022-12-21,77.1
2022-12-20,76.4
2022-12-19,76.31
2022-12-16,75.89
2022-12-15,76.9
2022-12-14,77.67
2022-12-13,76.62
2022-12-12,75.13
2022-12-09,73.71
2022-12-08,73.45
2022-12-07,73.88
2022-12-06,75.12
2022-12-05,77.52
2022-12-02,80.1
2022-12-01,80.94
2022-11-30,80.47
2022-11-29,77.21
2022-11-28,76.93
2022-11-25,76.19
2022-11-23,77.62
2022-11-22,86.6
2022-11-21,86.62
2022-11-18,86.86
2022-11-17,87.59
2022-11-16,88.94
2022-11-15,89.44
2022-11-14,89.5
2022-11-11,91.11
2022-11-10,89.36
2022-11-09,88.8
2022-11-08,90.62
2022-11-07,92.69
2022-11-04,93.63
2022-11-03,89.5
2022-11-02,91.87
2022-11-01,91.22
2022-10-31,89.43
2022-10-28,90.23
2022-10-27,91.96
2022-10-26,90.92
2022-10-25,88.88
2022-10-24,88.53
2022-10-21,90.95
2022-10-20,90.54
2022-10-19,90.53
2022-10-18,89.92
2022-10-17,90.71
2022-10-14,90.78
2022-10-13,92.42
2022-10-12,91.58
2022-10-11,92.93
2022-10-10,94.42
2022-10-07,95.8
2022-10-06,92.98
2022-10-05,92.12
2022-10-04,90.9
2022-10-03,88.03
2022-09-30,84.28
2022-09-29,86.16
2022-09-28,86.7
2022-09-27,83.63
2022-09-26,81.93
2022-09-23,84.17
2022-09-22,92.18
2022-09-21,91.81
2022-09-20,91.9
2022-09-19,92.46
2022-09-16,92.26
2022-09-15,91.98
2022-09-14,93.35
2022-09-13,92.51
2022-09-12,93.36
2022-09-09,92.78
2022-09-08,90.17
2022-09-07,89.36
2022-09-06,93.13
2022-09-02,92.6
2022-09-01,92.08
2022-08-31,94.77
2022-08-30,96.48
2022-08-29,101.86
2022-08-26,97.95
2022-08-25,96.74
2022-08-24,98.39
2022-08-23,96.41
2022-08-22,95.39
2022-08-19,95.39
2022-08-18,95.18
2022-08-17,94.04
2022-08-16,93.46
2022-08-15,94.97
2022-08-12,96.48
2022-08-11,98.18
2022-08-10,96.87
2022-08-09,95.97
2022-08-08,96.04
2022-08-05,94.41
2022-08-04,94.08
2022-08-03,95.97
2022-08-02,99.4
2022-08-01,97.87
2022-07-29,101.52
2022-07-28,99.7
2022-07-27,99.27
2022-07-26,97.48
2022-07-25,98.13
2022-07-22,102.32
2022-07-21,102.55
2022-07-20,103.54
2022-07-19,103.78
2022-07-18,103.58
2022-07-15,101.03
2022-07-14,99.7
2022-07-13,100.0
2022-07-12,99.14
2022-07-11,104.28
2022-07-08,104.22
2022-07-07,102.02
2022-07-06,98.98
2022-07-05,100.73
2022-07-01,107.89
2022-06-30,104.83
2022-06-29,108.17
2022-06-28,109.64
2022-06-27,106.83
2022-06-24,104.64
2022-06-23,102.17
2022-06-22,112.34
2022-06-21,113.34
2022-06-17,112.72
2022-06-16,115.34
2022-06-15,114.35
2022-06-14,115.71
2022-06-13,116.64
2022-06-10,116.67
2022-06-09,117.09
2022-06-08,117.5
2022-06-07,115.29
2022-06-06,114.01
2022-06-03,113.83
2022-06-02,112.02
2022-06-01,110.91
2022-05-31,110.58
2022-05-27,110.86
2022-05-26,109.78
2022-05-25,106.92
2022-05-24,106.31
2022-05-23,107.32
2022-05-20,107.21
2022-05-19,106.99
2022-05-18,105.53
2022-05-17,106.88
2022-05-16,108.4
2022-05-13,107.23
2022-05-12,104.66
2022-05-11,104.56
2022-05-10,100.43
2022-05-09,102.79
2022-05-06,107.57
2022-05-05,106.4
2022-05-04,105.97
2022-05-03,103.39
2022-05-02,103.86
2022-04-29,103.42
2022-04-28,103.94
2022-04-27,101.51
2022-04-26,101.24
2022-04-25,98.69
2022-04-22,103.43
2022-04-21,103.85
2022-04-20,103.12
2022-04-19,103.09
2022-04-18,105.44
2022-04-14,104.82
2022-04-13,103.7
2022-04-12,101.49
2022-04-11,97.02
2022-04-08,99.72
2022-04-07,98.42
2022-04-06,98.81
2022-04-05,103.27
2022-04-04,104.77
2022-04-01,101.85
2022-03-31,101.87
2022-03-30,108.13
2022-03-29,103.81
2022-03-28,105.53
2022-03-25,113.39
2022-03-24,110.72
2022-03-23,112.59
2022-03-22,111.43
2022-03-21,111.73
2022-03-18,108.99
2022-03-17,108.78
2022-03-16,104.89
2022-03-15,105.76
2022-03-14,109.18
2022-03-11,112.59
2022-03-10,110.2
2022-03-09,110.86
2022-03-08,122.53
2022-03-07,118.18
2022-03-04,114.95
2022-03-03,106.58
2022-03-02,109.4
2022-03-01,102.0
2022-02-28,95.36
2022-02-25,91.6
2022-02-24,92.99
2022-02-23,92.16
2022-02-22,91.9
2022-02-18,90.9
2022-02-17,90.67
2022-02-16,91.56
2022-02-15,90.86
2022-02-14,92.61
2022-02-11,91.79
2022-02-10,89.92
2022-02-09,89.88
2022-02-08,89.28
2022-02-07,90.76
2022-02-04,91.06
2022-02-03,89.16
2022-02-02,87.77
2022-02-01,87.42
2022-01-31,87.45
2022-01-28,86.7
2022-01-27,86.28
2022-01-26,86.83
2022-01-25,85.35
2022-01-24,82.87
2022-01-21,83.29
2022-01-20,83.5
2022-01-19,83.56
2022-01-18,83.22
2022-01-14,82.27
2022-01-13,81.3
2022-01-12,81.34
2022-01-11,80.79
2022-01-10,78.89
2022-01-07,79.53
2022-01-06,79.69
2022-01-05,78.81
2022-01-04,78.03
2022-01-03,77.03
2021-12-31,75.66
2021-12-30,77.25
2021-12-29,76.99
2021-12-28,76.4
2021-12-27,76.18
2021-12-23,72.99
2021-12-22,72.71
2021-12-21,72.42
2021-12-20,71.66
2021-12-17,72.43
2021-12-16,73.02
2021-12-15,72.38
2021-12-14,72.22
2021-12-13,72.71
2021-12-10,73.19
2021-12-09,72.72
2021-12-08,73.69
2021-12-07,73.54
2021-12-06,71.65
2021-12-03,68.91
2021-12-02,68.62
2021-12-01,67.73
2021-11-30,68.02
2021-11-29,71.81
2021-11-26,70.24
2021-11-24,79.55
2021-11-23,79.66
2021-11-22,80.55
2021-11-19,80.33
2021-11-18,81.11
2021-11-17,80.76
2021-11-16,81.67
2021-11-15,81.41
2021-11-12,81.48
2021-11-11,81.67
2021-11-10,81.27
2021-11-09,82.58
2021-11-08,81.62
2021-11-05,80.94
2021-11-04,78.95
2021-11-03,80.16
2021-11-02,82.54
2021-11-01,82.38
2021-10-29,81.37
2021-10-28,81.27
2021-10-27,81.44
2021-10-26,83.23
2021-10-25,82.72
2021-10-22,81.61
2021-10-21,81.44
2021-10-20,81.81
2021-10-19,81.61
2021-10-18,81.31
2021-10-15,81.51
2021-10-14,80.95
2021-10-13,80.45
2021-10-12,80.58
2021-10-11,80.68
2021-10-08,79.76
2021-10-07,79.45
2021-10-06,78.69
2021-10-05,79.71
2021-10-04,78.52
2021-10-01,76.77
2021-09-30,75.81
2021-09-29,75.7
2021-09-28,76.08
2021-09-27,76.31
2021-09-24,75.02
2021-09-23,74.37
2021-09-22,72.14
2021-09-21,71.58
2021-09-20,71.36
2021-09-17,71.92
2021-09-16,72.07
2021-09-15,72.09
2021-09-14,71.19
2021-09-13,71.11
2021-09-10,70.7
2021-09-09,69.63
2021-09-08,70.38
2021-09-07,69.71
2021-09-03,70.64
2021-09-02,71.22
2021-09-01,69.92
2021-08-31,69.68
2021-08-30,70.31
2021-08-27,69.78
2021-08-26,68.24
2021-08-25,69.3
2021-08-24,68.45
2021-08-23,68.76
2021-08-20,67.6
2021-08-19,68.03
2021-08-18,68.95
2021-08-17,69.33
2021-08-16,69.53
2021-08-13,70.05
2021-08-12,70.44
2021-08-11,70.42
2021-08-10,69.71
2021-08-09,68.49
2021-08-06,69.74
2021-08-05,70.22
2021-08-04,69.39
2021-08-03,70.95
2021-08-02,71.37
2021-07-30,73.74
2021-07-29,73.29
2021-07-28,72.04
2021-07-27,71.81
2021-07-26,71.99
2021-07-23,71.81
2021-07-22,72.81
2021-07-21,72.28
2021-07-20,71.28
2021-07-19,71.01
2021-07-16,72.92
2021-07-15,72.83
2021-07-14,73.48
2021-07-13,74.36
2021-07-12,73.54
2021-07-09,73.72
2021-07-08,72.58
2021-07-07,72.08
2021-07-06,72.93
2021-07-02,74.23
2021-07-01,73.88
2021-06-30,72.6
2021-06-29,72.23
2021-06-28,71.9
2021-06-25,73.13
2021-06-24,72.61
2021-06-23,72.29
2021-06-22,71.41
2021-06-21,71.48
2021-06-18,71.07
2021-06-17,70.94
2021-06-16,71.56
2021-06-15,71.39
2021-06-14,70.78
2021-06-11,70.61
2021-06-10,70.52
2021-06-09,70.34
2021-06-08,70.36
2021-06-07,69.84
2021-06-04,70.03
2021-06-03,69.47
2021-06-02,69.5
2021-06-01,68.49
2021-05-28,66.63
2021-05-27,67.1
2021-05-26,66.64
2021-05-25,66.41
2021-05-24,66.25
2021-05-21,65.73
2021-05-20,65.39
2021-05-19,65.92
2021-05-18,66.64
2021-05-17,66.83
2021-05-14,66.33
2021-05-13,65.42
2021-05-12,66.77
2021-05-11,66.32
2021-05-10,66.2
2021-05-07,66.15
2021-05-06,66.01
2021-05-05,66.66
2021-05-04,66.35
2021-05-03,65.03
2021-04-30,64.27
2021-04-29,65.77
2021-04-28,64.54
2021-04-27,63.53
2021-04-26,62.61
2021-04-23,62.8
2021-04-22,62.68
2021-04-21,62.71
2021-04-20,63.23
2021-04-19,63.48
2021-04-16,63.41
2021-04-15,63.48
2021-04-14,63.26
2021-04-13,61.53
2021-04-12,61.3
2021-04-09,61.19
2021-04-08,61.47
2021-04-07,61.46
2021-04-06,60.96
2021-04-05,60.71
2021-04-01,63.27
2021-03-31,61.15
2021-03-30,62.65
2021-03-29,63.39
2021-03-26,62.93
2021-03-25,60.18
2021-03-24,62.64
2021-03-23,63.72
2021-03-22,64.71
2021-03-19,64.57
2021-03-18,63.9
2021-03-17,65.77
2021-03-16,66.05
2021-03-15,66.38
2021-03-12,66.5
2021-03-11,66.65
2021-03-10,65.54
2021-03-09,65.37
2021-03-08,65.84
2021-03-05,66.89
2021-03-04,64.8
2021-03-03,62.55
2021-03-02,61.33
2021-03-01,62.28
2021-02-26,62.95
2021-02-25,64.58
2021-02-24,64.61
2021-02-23,62.72
2021-02-22,62.66
2021-02-19,60.2
2021-02-18,60.59
2021-02-17,60.89
2021-02-16,60.6
2021-02-12,60.23
2021-02-11,59.55
2021-02-10,59.69
2021-02-09,59.63
2021-02-08,59.36
2021-02-05,58.4
2021-02-04,57.97
2021-02-03,57.69
2021-02-02,56.71
2021-02-01,55.66
2021-01-29,54.34
2021-01-28,54.45
2021-01-27,54.94
2021-01-26,55.08
2021-01-25,55.19
2021-01-22,54.76
2021-01-21,54.95
2021-01-20,54.97
2021-01-19,54.89
2021-01-15,54.53
2021-01-14,55.17
2021-01-13,54.96
2021-01-12,55.37
2021-01-11,54.78
2021-01-08,55.06
2021-01-07,53.78
2021-01-06,53.63
2021-01-05,52.84
2021-01-04,50.61
2020-12-31,51.16
2020-12-30,50.98
2020-12-29,50.56
2020-12-28,50.35
2020-12-24,50.79
2020-12-23,49.81
2020-12-22,49.57
2020-12-21,49.86
2020-12-18,50.34
2020-12-17,50.08
2020-12-16,49.96
2020-12-15,49.81
2020-12-14,49.46
2020-12-11,49.22
2020-12-10,49.29
2020-12-09,48.42
2020-12-08,48.28
2020-12-07,48.23
2020-12-04,48.35
2020-12-03,48.04
2020-12-02,47.67
2020-12-01,46.96
2020-11-30,47.29
2020-11-27,47.7
2020-11-25,47.88
2020-11-24,47.14
2020-11-23,45.42
2020-11-20,42.84
2020-11-19,42.6
2020-11-18,42.69
2020-11-17,42.49
2020-11-16,42.52
2020-11-13,41.87
2020-11-12,42.37
2020-11-11,42.36
2020-11-10,42.19
2020-11-09,41.41
2020-11-06,39.28
2020-11-05,40.14
2020-11-04,40.55
2020-11-03,39.16
2020-11-02,38.36
2020-10-30,37.27
2020-10-29,37.54
2020-10-28,38.92
2020-10-27,40.8
2020-10-26,40.03
2020-10-23,41.14
2020-10-22,41.31
2020-10-21,41.07
2020-10-20,41.59
2020-10-19,41.37
2020-10-16,41.48
2020-10-15,41.65
2020-10-14,41.78
2020-10-13,41.24
2020-10-12,40.78
2020-10-09,41.48
2020-10-08,41.88
2020-10-07,40.98
2020-10-06,41.56
2020-10-05,40.42
2020-10-02,38.48
2020-10-01,40.3
2020-09-30,41.7
2020-09-29,41.06
2020-09-28,42.37
2020-09-25,42.05
2020-09-24,41.94
2020-09-23,41.8
2020-09-22,41.5
2020-09-21,41.41
2020-09-18,42.01
2020-09-17,42.02
2020-09-16,41.58
2020-09-15,40.69
2020-09-14,40.15
2020-09-11,40.24
2020-09-10,40.25
2020-09-09,40.78
2020-09-08,40.2
2020-09-04,42.61
2020-09-03,43.61
2020-09-02,43.83
2020-09-01,44.84
2020-08-31,44.68
2020-08-28,44.86
2020-08-27,44.63
2020-08-26,45.0
2020-08-25,45.23
2020-08-24,44.58
2020-08-21,43.69
2020-08-20,43.78
2020-08-19,43.96
2020-08-18,43.96
2020-08-17,43.78
2020-08-14,43.39
2020-08-13,43.59
2020-08-12,43.97
2020-08-11,43.38
2020-08-10,43.78
2020-08-07,43.33
2020-08-06,43.61
2020-08-05,43.88
2020-08-04,43.4
2020-08-03,43.39
2020-07-31,42.54
2020-07-30,42.27
2020-07-29,43.29
2020-07-28,43.28
2020-07-27,43.33
2020-07-24,43.28
2020-07-23,43.3
2020-07-22,43.62
2020-07-21,43.58
2020-07-20,43.05
2020-07-17,43.0
2020-07-16,43.3
2020-07-15,43.78
2020-07-14,43.22
2020-07-13,43.1
2020-07-10,43.4
2020-07-09,42.79
2020-07-08,43.29
2020-07-07,43.09
2020-07-06,42.89
2020-07-02,43.2
2020-07-01,42.26
2020-06-30,40.97
2020-06-29,40.8
2020-06-26,40.8
2020-06-25,40.78
2020-06-24,40.64
2020-06-23,41.04
2020-06-22,41.12
2020-06-19,41.07
2020-06-18,40.63
2020-06-17,40.23
2020-06-16,40.28
2020-06-15,39.85
2020-06-12,39.5
2020-06-11,39.44
2020-06-10,41.52
2020-06-09,40.82
2020-06-08,40.7
2020-06-05,41.32
2020-06-04,39.15
2020-06-03,39.26
2020-06-02,39.17
2020-06-01,38.32
2020-05-29,30.47
2020-05-28,30.51
2020-05-27,30.43
2020-05-26,30.59
2020-05-22,30.34
2020-05-21,30.62
2020-05-20,30.57
2020-05-19,30.42
2020-05-18,30.55
2020-05-15,29.8
2020-05-14,29.2
2020-05-13,26.68
2020-05-12,26.81
2020-05-11,27.27
2020-05-08,28.54
2020-05-07,27.14
2020-05-06,27.35
2020-05-05,28.94
2020-05-04,26.2
2020-05-01,25.3
2020-04-30,25.35
2020-04-29,20.38
2020-04-28,20.41
2020-04-27,20.37
2020-04-24,20.45
2020-04-23,20.45
2020-04-22,20.0
2020-04-21,19.07
2020-04-20,21.47
2020-04-17,22.23
2020-04-16,21.71
2020-04-15,21.46
2020-04-14,21.96
2020-04-13,24.74
2020-04-09,23.26
2020-04-08,26.16
2020-04-07,26.0
2020-04-06,27.45
2020-04-03,29.39
2020-04-02,26.16
2020-04-01,22.46
2020-03-31,25.72
2020-03-30,33.84
2020-03-27,33.91
2020-03-26,34.07
2020-03-25,34.15
2020-03-24,33.99
2020-03-23,33.96
2020-03-20,34.05
2020-03-19,34.59
2020-03-18,33.61
2020-03-17,35.27
2020-03-16,35.45
2020-03-13,36.96
2020-03-12,36.31
2020-03-11,37.62
2020-03-10,38.14
2020-03-09,36.26
2020-03-06,45.71
2020-03-05,49.72
2020-03-04,50.48
2020-03-03,50.93
2020-03-02,50.95
2020-02-28,54.22
2020-02-27,54.25
2020-02-26,54.33
2020-02-25,54.54
2020-02-24,54.68
2020-02-21,55.27
2020-02-20,55.54
2020-02-19,55.65
2020-02-18,55.15
2020-02-14,55.34
2020-02-13,54.96
2020-02-12,54.59
2020-02-11,53.49
2020-02-10,53.0
2020-02-07,54.08
2020-02-06,54.36
2020-02-05,54.53
2020-02-04,53.11
2020-02-03,53.5
2020-01-31,64.29
2020-01-30,64.17
2020-01-29,64.37
2020-01-28,64.34
2020-01-27,64.37
2020-01-24,64.64
2020-01-23,64.94
2020-01-22,65.26
2020-01-21,65.59
2020-01-17,65.75
2020-01-16,65.74
2020-01-15,65.49
2020-01-14,65.84
2020-01-13,65.72
2020-01-10,66.07
2020-01-09,66.15
2020-01-08,66.0
2020-01-07,67.92
2020-01-06,68.28
2020-01-03,67.83
2020-01-02,65.44
2019-12-31,65.05
2019-12-30,64.85
2019-12-27,64.82
2019-12-26,64.83
2019-12-24,64.79
2019-12-23,64.65
2019-12-20,64.63
2019-12-19,64.7
2019-12-18,64.54
2019-12-17,64.53
2019-12-16,64.19
2019-12-13,64.12
2019-12-12,63.46
2019-12-11,62.98
2019-12-10,63.5
2019-12-09,63.34
2019-12-06,63.43
2019-12-05,62.82
2019-12-04,62.52
2019-12-03,60.46
2019-12-02,60.41
2019-11-29,61.97
2019-11-27,61.95
2019-11-26,61.95
2019-11-25,61.94
2019-11-22,61.9
2019-11-21,62.07
2019-11-20,61.6
2019-11-19,60.98
2019-11-18,61.56
2019-11-15,61.94
2019-11-14,61.44
2019-11-13,61.52
2019-11-12,61.29
2019-11-11,61.09
2019-11-08,61.28
2019-11-07,61.1
2019-11-06,60.56
2019-11-05,61.49
2019-11-04,60.89
2019-11-01,60.54
2019-10-31,58.45
2019-10-30,59.32
2019-10-29,59.41
2019-10-28,59.45
2019-10-25,59.52
2019-10-24,59.45
2019-10-23,59.37
2019-10-22,59.03
2019-10-21,58.87
2019-10-18,58.96
2019-10-17,59.17
2019-10-16,59.0
2019-10-15,58.86
2019-10-14,58.94
2019-10-11,59.72
2019-10-10,58.66
2019-10-09,57.94
2019-10-08,57.91
2019-10-07,58.22
2019-10-04,58.11
2019-10-03,57.45
2019-10-02,57.32
2019-10-01,58.11
2019-09-30,57.92
2019-09-27,61.09
2019-09-26,61.16
2019-09-25,61.09
2019-09-24,61.24
2019-09-23,61.64
2019-09-20,61.51
2019-09-19,61.41
2019-09-18,61.13
2019-09-17,61.32
2019-09-16,63.12
2019-09-13,58.58
2019-09-12,58.64
2019-09-11,58.73
2019-09-10,59.75
2019-09-09,60.06
2019-09-06,59.3
2019-09-05,58.64
2019-09-04,58.6
2019-09-03,56.69
2019-08-30,59.11
2019-08-29,59.09
2019-08-28,59.11
2019-08-27,58.98
2019-08-26,58.87
2019-08-23,59.06
2019-08-22,59.27
2019-08-21,59.3
2019-08-20,59.12
2019-08-19,58.93
2019-08-16,58.35
2019-08-15,58.09
2019-08-14,58.71
2019-08-13,60.03
2019-08-12,58.35
2019-08-09,58.31
2019-08-08,57.47
2019-08-07,56.4
2019-08-06,58.27
2019-08-05,58.86
2019-08-02,60.56
2019-08-01,59.4
2019-07-31,63.48
2019-07-30,63.23
2019-07-29,63.16
2019-07-26,63.17
2019-07-25,63.14
2019-07-24,63.02
2019-07-23,63.07
2019-07-22,62.95
2019-07-19,62.59
2019-07-18,62.31
2019-07-17,62.85
2019-07-16,63.19
2019-07-15,64.31
2019-07-12,64.44
2019-07-11,64.24
2019-07-10,64.62
2019-07-09,62.77
2019-07-08,62.61
2019-07-05,62.53
2019-07-03,62.25
2019-07-02,61.02
2019-07-01,63.19
2019-06-28,61.76
2019-06-27,61.73
2019-06-26,61.77
2019-06-25,61.63
2019-06-24,61.64
2019-06-21,61.81
2019-06-20,61.59
2019-06-19,60.65
2019-06-18,60.64
2019-06-17,59.94
2019-06-14,60.57
2019-06-13,60.18
2019-06-12,59.37
2019-06-11,60.94
2019-06-10,60.59
2019-06-07,61.26
2019-06-06,59.85
2019-06-05,59.57
2019-06-04,60.83
2019-06-03,60.4
2019-05-31,69.38
2019-05-30,69.34
2019-05-29,69.51
2019-05-28,69.66
2019-05-24,69.43
2019-05-23,69.37
2019-05-22,70.5
2019-05-21,70.99
2019-05-20,70.91
2019-05-17,71.01
2019-05-16,71.15
2019-05-15,70.64
2019-05-14,70.4
2019-05-13,69.64
2019-05-10,69.9
2019-05-09,69.69
2019-05-08,69.59
2019-05-07,69.41
2019-05-06,70.56
2019-05-03,70.64
2019-05-02,70.61
2019-05-01,71.65
2019-04-30,71.51
2019-04-29,70.93
2019-04-26,70.96
2019-04-25,71.13
2019-04-24,71.2
2019-04-23,71.1
2019-04-22,71.02
2019-04-18,70.37
2019-04-17,70.15
2019-04-16,70.24
2019-04-15,69.83
2019-04-12,69.98
2019-04-11,69.7
2019-04-10,70.39
2019-04-09,69.66
2019-04-08,70.09
2019-04-05,69.73
2019-04-04,68.98
2019-04-03,68.82
2019-04-02,68.89
2019-04-01,68.46
2019-03-29,66.93
2019-03-28,66.89
2019-03-27,66.92
2019-03-26,66.97
2019-03-25,66.89
2019-03-22,66.9
2019-03-21,67.09
2019-03-20,67.34
2019-03-19,67.05
2019-03-18,67.02
2019-03-15,66.87
2019-03-14,66.94
2019-03-13,67.18
2019-03-12,66.63
2019-03-11,66.59
2019-03-08,66.02
2019-03-07,66.43
2019-03-06,66.13
2019-03-05,65.86
2019-03-04,65.61
2019-03-01,65.0
2019-02-28,64.58
2019-02-27,64.6
2019-02-26,64.53
2019-02-25,64.5
2019-02-22,64.92
2019-02-21,64.93
2019-02-20,64.95
2019-02-19,64.66
2019-02-15,64.68
2019-02-14,64.06
2019-02-13,63.29
2019-02-12,62.51
2019-02-11,61.65
2019-02-08,62.16
2019-02-07,61.79
2019-02-06,62.71
2019-02-05,62.08
2019-02-04,62.55
2019-02-01,62.62
2019-01-31,60.53
2019-01-30,59.05
2019-01-29,59.05
2019-01-28,58.92
2019-01-25,59.23
2019-01-24,59.16
2019-01-23,59.08
2019-01-22,59.1
2019-01-18,59.52
2019-01-17,58.86
2019-01-16,58.87
2019-01-15,58.51
2019-01-14,57.64
2019-01-11,58.38
2019-01-10,59.09
2019-01-09,58.9
2019-01-08,56.87
2019-01-07,55.62
2019-01-04,55.47
2019-01-03,54.76
2019-01-02,53.89
2018-12-28,57.32
2018-12-27,57.28
2018-12-26,57.42
2018-12-24,56.93
2018-12-21,57.48
2018-12-20,57.53
2018-12-19,58.21
2018-12-18,57.92
2018-12-17,59.14
2018-12-14,59.35
2018-12-13,59.92
2018-12-12,59.24
2018-12-11,59.14
2018-12-10,59.01
2018-12-07,60.2
2018-12-06,59.21
2018-12-05,60.46
2018-12-04,61.05
2018-12-03,60.52
2018-11-30,65.56
2018-11-29,65.59
2018-11-28,65.52
2018-11-27,65.59
2018-11-26,65.63
2018-11-23,65.35
2018-11-21,66.47
2018-11-20,66.06
2018-11-19,67.68
2018-11-16,67.6
2018-11-15,67.55
2018-11-14,67.26
2018-11-13,66.91
2018-11-12,69.81
2018-11-09,69.82
2018-11-08,69.98
2018-11-07,71.06
2018-11-06,70.99
2018-11-05,71.88
2018-11-02,71.54
2018-11-01,71.56
2018-10-31,73.51
2018-10-30,79.35
2018-10-29,79.41
2018-10-26,79.45
2018-10-25,79.38
2018-10-24,79.28
2018-10-23,79.32
2018-10-22,80.19
2018-10-19,80.08
2018-10-18,80.03
2018-10-17,80.25
2018-10-16,80.85
2018-10-15,80.39
2018-10-12,80.37
2018-10-11,80.19
2018-10-10,81.85
2018-10-09,83.26
2018-10-08,82.58
2018-10-05,82.71
2018-10-04,82.78
2018-10-03,84.12
2018-10-02,82.66
2018-10-01,82.82
2018-09-28,77.25
2018-09-27,77.22
2018-09-26,77.1
2018-09-25,77.14
2018-09-24,77.02
2018-09-21,76.48
2018-09-20,76.44
2018-09-19,76.65
2018-09-18,76.5
2018-09-17,76.06
2018-09-14,76.13
2018-09-13,76.22
2018-09-12,77.1
2018-09-11,76.72
2018-09-10,75.56
2018-09-07,75.04
2018-09-06,74.69
2018-09-05,75.53
2018-09-04,76.4
2018-08-31,72.49
2018-08-30,72.51
2018-08-29,72.49
2018-08-28,72.39
2018-08-27,72.45
2018-08-24,72.39
2018-08-23,72.07
2018-08-22,72.06
2018-08-21,71.38
2018-08-20,71.18
2018-08-17,71.07
2018-08-16,70.88
2018-08-15,70.53
2018-08-14,71.41
2018-08-13,71.52
2018-08-10,71.71
2018-08-09,71.14
2018-08-08,71.29
2018-08-07,72.91
2018-08-06,72.35
2018-08-03,71.89
2018-08-02,72.2
2018-08-01,70.83
2018-07-31,72.37
2018-07-30,73.15
2018-07-27,73.14
2018-07-26,73.14
2018-07-25,73.01
2018-07-24,72.82
2018-07-23,72.67
2018-07-20,72.59
2018-07-19,72.44
2018-07-18,72.72
2018-07-17,72.37
2018-07-16,72.01
2018-07-13,73.82
2018-07-12,73.23
2018-07-11,72.35
2018-07-10,75.73
2018-07-09,75.08
2018-07-06,74.25
2018-07-05,74.53
2018-07-03,74.88
2018-07-02,74.33
2018-06-29,73.59
2018-06-28,73.57
2018-06-27,73.58
2018-06-26,73.44
2018-06-25,73.15
2018-06-22,73.3
2018-06-21,72.63
2018-06-20,73.02
2018-06-19,73.19
2018-06-18,73.49
2018-06-15,72.79
2018-06-14,73.94
2018-06-13,74.46
2018-06-12,73.97
2018-06-11,74.37
2018-06-08,74.3
2018-06-07,74.88
2018-06-06,73.42
2018-06-05,73.38
2018-06-04,73.15
2018-06-01,74.11
2018-05-31,74.79
2018-05-30,74.44
2018-05-29,74.58
2018-05-25,74.45
2018-05-24,74.78
2018-05-23,74.98
2018-05-22,74.91
2018-05-21,74.79
2018-05-18,74.45
2018-05-17,74.67
2018-05-16,74.59
2018-05-15,74.04
2018-05-14,74.02
2018-05-11,73.48
2018-05-10,73.68
2018-05-09,73.37
2018-05-08,71.73
2018-05-07,72.83
2018-05-04,71.78
2018-05-03,70.71
2018-05-02,70.44
2018-05-01,70.55
2018-04-30,68.27
2018-04-27,68.28
2018-04-26,68.28
2018-04-25,68.16
2018-04-24,68.2
2018-04-23,68.41
2018-04-20,68.29
2018-04-19,68.18
2018-04-18,68.16
2018-04-17,67.38
2018-04-16,67.25
2018-04-13,67.8
2018-04-12,67.66
2018-04-11,67.78
2018-04-10,67.27
2018-04-09,65.83
2018-04-06,64.65
2018-04-05,65.46
2018-04-04,65.17
2018-04-03,65.16
2018-04-02,64.62
2018-03-29,66.19
2018-03-28,62.68
2018-03-27,62.76
2018-03-26,62.77
2018-03-23,62.84
2018-03-22,62.62
2018-03-21,62.84
2018-03-20,62.27
2018-03-19,61.86
2018-03-16,61.96
2018-03-15,61.48
2018-03-14,61.36
2018-03-13,61.17
2018-03-12,61.32
2018-03-09,61.69
2018-03-08,60.44
2018-03-07,60.91
2018-03-06,62.21
2018-03-05,61.94
2018-03-02,60.91
2018-03-01,60.39
2018-02-28,61.53
2018-02-27,62.72
2018-02-26,62.75
2018-02-23,62.75
2018-02-22,62.62
2018-02-21,62.47
2018-02-20,62.43
2018-02-16,62.28
2018-02-15,62.28
2018-02-14,62.05
2018-02-13,61.29
2018-02-12,61.16
2018-02-09,61.22
2018-02-08,62.64
2018-02-07,63.14
2018-02-06,64.27
2018-02-05,64.99
2018-02-02,65.74
2018-02-01,66.73
2018-01-31,66.07
2018-01-30,66.2
2018-01-29,66.23
2018-01-26,66.32
2018-01-25,66.26
2018-01-24,66.31
2018-01-23,66.21
2018-01-22,65.97
2018-01-19,65.82
2018-01-18,66.08
2018-01-17,66.13
2018-01-16,66.05
2018-01-12,66.36
2018-01-11,66.07
2018-01-10,66.01
2018-01-09,65.81
2018-01-08,65.09
2018-01-05,64.94
2018-01-04,65.31
2018-01-03,65.24
2018-01-02,64.02
2017-12-29,61.6
2017-12-28,61.56
2017-12-27,61.52
2017-12-26,61.6
2017-12-22,61.15
2017-12-21,61.3
2017-12-20,61.28
2017-12-19,61.02
2017-12-18,60.8
2017-12-15,60.7
2017-12-14,60.65
2017-12-13,60.12
2017-12-12,60.56
2017-12-11,61.62
2017-12-08,60.84
2017-12-07,60.22
2017-12-06,59.34
2017-12-05,60.55
2017-12-04,60.02
2017-12-01,61.23
2017-11-30,60.82
2017-11-29,60.8
2017-11-28,60.8
2017-11-27,60.88
2017-11-24,60.92
2017-11-22,60.78
2017-11-21,60.63
2017-11-20,60.55
2017-11-17,60.82
2017-11-16,60.22
2017-11-15,60.49
2017-11-14,60.69
2017-11-13,61.18
2017-11-10,61.3
2017-11-09,61.56
2017-11-08,61.14
2017-11-07,61.2
2017-11-06,61.83
2017-11-03,60.15
2017-11-02,58.87
2017-11-01,58.73
2017-10-31,59.03
2017-10-30,55.54
2017-10-27,55.55
2017-10-26,55.45
2017-10-25,55.34
2017-10-24,55.39
2017-10-23,55.14
2017-10-20,55.27
2017-10-19,55.13
2017-10-18,55.48
2017-10-17,55.37
2017-10-16,55.34
2017-10-13,55.04
2017-10-12,54.54
2017-10-11,54.83
2017-10-10,54.61
2017-10-09,54.09
2017-10-06,53.94
2017-10-05,55.21
2017-10-04,54.29
2017-10-03,54.42
2017-10-02,54.72
2017-09-29,53.66
2017-09-28,53.63
2017-09-27,53.66
2017-09-26,53.76
2017-09-25,53.92
2017-09-22,53.59
2017-09-21,53.51
2017-09-20,53.51
2017-09-19,53.09
2017-09-18,53.25
2017-09-15,53.27
2017-09-14,53.21
2017-09-13,53.06
2017-09-12,52.58
2017-09-11,52.34
2017-09-08,52.23
2017-09-07,52.78
2017-09-06,52.76
2017-09-05,52.01
2017-09-04,51.48
2017-09-01,51.48
2017-08-31,50.22
2017-08-30,50.21
2017-08-29,50.24
2017-08-28,50.23
2017-08-25,50.29
2017-08-24,50.21
2017-08-23,50.35
2017-08-22,50.13
2017-08-21,50.09
2017-08-18,50.45
2017-08-17,49.84
2017-08-16,49.57
2017-08-15,49.89
2017-08-14,49.85
2017-08-11,50.62
2017-08-10,50.59
2017-08-09,50.66
2017-08-08,50.8
2017-08-07,51.0
2017-08-04,51.09
2017-08-03,50.64
2017-08-02,51.03
2017-08-01,50.42
2017-07-31,47.56
2017-07-28,47.56
2017-07-27,47.56
2017-07-26,47.51
2017-07-25,47.41
2017-07-24,47.11
2017-07-21,47.0
2017-07-20,47.31
2017-07-19,47.45
2017-07-18,47.14
2017-07-17,46.98
2017-07-14,47.22
2017-07-13,46.94
2017-07-12,46.57
2017-07-11,46.43
2017-07-10,46.02
2017-07-07,45.88
2017-07-06,47.0
2017-07-05,46.58
2017-07-04,48.54
2017-07-03,48.54
2017-06-30,46.47
2017-06-29,46.46
2017-06-28,46.44
2017-06-27,46.39
2017-06-26,46.24
2017-06-23,46.19
2017-06-22,46.1
2017-06-21,45.99
2017-06-19,46.55
2017-06-16,46.73
2017-06-15,46.59
2017-06-14,46.69
2017-06-13,47.68
2017-06-12,47.47
2017-06-09,47.38
2017-06-08,47.11
2017-06-07,47.17
2017-06-06,48.75
2017-06-05,48.25
2017-06-02,48.76
2017-06-01,49.46
2017-05-31,50.53
2017-05-30,50.57
2017-05-29,50.59
2017-05-26,50.59
2017-05-25,50.5
2017-05-24,50.97
2017-05-23,51.05
2017-05-22,50.93
2017-05-19,50.87
2017-05-18,50.46
2017-05-17,50.35
2017-05-16,50.03
2017-05-15,50.04
2017-05-12,49.49
2017-05-11,49.48
2017-05-10,49.16
2017-05-09,48.1
2017-05-08,48.54
2017-05-05,48.34
2017-05-04,47.66
2017-05-03,49.74
2017-05-02,49.3
2017-05-01,50.69
2017-04-28,52.29
2017-04-27,52.3
2017-04-26,52.35
2017-04-25,52.37
2017-04-24,52.3
2017-04-21,52.31
2017-04-20,52.57
2017-04-19,52.49
2017-04-18,53.19
2017-04-17,53.42
2017-04-13,53.73
2017-04-12,53.71
2017-04-11,54.07
2017-04-10,53.83
2017-04-07,53.24
2017-04-06,52.92
2017-04-05,52.5
2017-04-04,52.19
2017-04-03,51.35
2017-03-31,51.2
2017-03-30,51.22
2017-03-29,51.19
2017-03-28,51.08
2017-03-27,51.0
2017-03-24,50.96
2017-03-23,51.04
2017-03-22,51.04
2017-03-21,51.09
2017-03-20,51.31
2017-03-17,51.37
2017-03-16,51.39
2017-03-15,51.38
2017-03-14,50.96
2017-03-13,51.35
2017-03-10,51.36
2017-03-09,51.81
2017-03-08,52.25
2017-03-07,54.31
2017-03-06,54.32
2017-03-03,54.34
2017-03-02,53.86
2017-03-01,54.94
2017-02-28,54.44
2017-02-27,54.43
2017-02-24,54.38
2017-02-23,54.41
2017-02-22,54.27
2017-02-21,54.41
2017-02-17,54.21
2017-02-16,54.12
2017-02-15,54.13
2017-02-14,54.26
2017-02-13,54.02
2017-02-10,54.59
2017-02-09,54.1
2017-02-08,53.72
2017-02-07,53.89
2017-02-06,54.24
2017-02-03,55.08
2017-02-02,54.65
2017-02-01,54.43
2017-01-31,53.71
2017-01-30,53.74
2017-01-27,53.75
2017-01-26,53.8
2017-01-25,53.67
2017-01-24,53.69
2017-01-23,53.64
2017-01-20,53.74
2017-01-19,53.31
2017-01-18,53.1
2017-01-17,53.68
2017-01-13,53.71
2017-01-12,53.89
2017-01-11,53.37
2017-01-10,52.32
2017-01-09,53.18
2017-01-06,54.81
2017-01-05,54.76
2016-12-30,52.09
2016-12-29,52.12
2016-12-28,52.09
2016-12-27,52.09
2016-12-23,51.95
2016-12-22,51.94
2016-12-21,51.69
2016-12-20,51.95
2016-12-19,51.81
2016-12-16,52.0
2016-12-15,51.52
2016-12-14,51.41
2016-12-13,52.36
2016-12-12,52.25
2016-12-09,51.3
2016-12-08,50.98
2016-12-07,50.35
2016-12-06,51.03
2016-12-05,51.5
2016-12-02,51.02
2016-12-01,50.85
2016-11-30,43.86
2016-11-29,43.88
2016-11-28,44.02
2016-11-25,43.95
2016-11-23,44.14
2016-11-22,44.19
2016-11-21,44.15
2016-11-18,43.47
2016-11-17,43.3
2016-11-16,43.37
2016-11-15,43.55
2016-11-14,42.33
2016-11-11,42.44
2016-11-10,43.04
2016-11-09,43.38
2016-11-08,42.97
2016-11-07,43.03
2016-11-04,42.54
2016-11-03,43.13
2016-11-02,43.62
2016-11-01,44.67
2016-10-31,48.98
2016-10-28,49.03
2016-10-27,49.06
2016-10-26,48.95
2016-10-25,49.04
2016-10-24,49.19
2016-10-21,49.24
2016-10-20,49.07
2016-10-19,49.51
2016-10-18,49.06
2016-10-17,49.08
2016-10-14,49.37
2016-10-13,49.27
2016-10-12,49.09
2016-10-11,49.49
2016-10-10,49.93
2016-10-07,49.07
2016-10-06,49.41
2016-10-05,48.95
2016-10-04,48.14
2016-10-03,48.0
2016-09-30,46.8
2016-09-29,46.8
2016-09-28,43.38
2016-09-27,43.14
2016-09-26,43.4
2016-09-23,43.13
2016-09-22,43.59
2016-09-21,43.33
2016-09-20,42.98
2016-09-19,43.01
2016-09-16,42.92
2016-09-15,43.28
2016-09-14,42.85
2016-09-13,43.57
2016-09-12,44.88
2016-09-09,44.11
2016-09-08,45.43
2016-09-07,44.11
2016-09-06,43.53
2016-09-02,43.16
2016-09-01,41.88
2016-08-31,43.63
2016-08-30,43.72
2016-08-29,43.74
2016-08-26,43.84
2016-08-25,43.81
2016-08-24,43.7
2016-08-23,43.95
2016-08-22,43.8
2016-08-19,44.45
2016-08-18,44.5
2016-08-17,43.9
2016-08-16,43.83
2016-08-15,43.26
2016-08-12,42.52
2016-08-11,41.97
2016-08-10,40.7
2016-08-09,41.17
2016-08-08,41.61
2016-08-05,40.71
2016-08-04,40.85
2016-08-03,39.76
2016-08-02,38.68
2016-08-01,38.91
2016-07-29,40.17
2016-07-28,40.02
2016-07-27,42.5
2016-07-26,42.56
2016-07-25,42.58
2016-07-22,42.77
2016-07-21,43.18
2016-07-20,43.26
2016-07-19,43.06
2016-07-18,43.18
2016-07-15,43.67
2016-07-14,43.52
2016-07-13,42.81
2016-07-12,44.29
2016-07-11,42.83
2016-07-08,43.13
2016-07-07,44.79
2016-07-06,44.73
2016-07-05,44.01
2016-07-01,45.76
2016-06-30,45.28
2016-06-29,46.31
2016-06-28,46.19
2016-06-27,46.02
2016-06-24,46.16
2016-06-23,46.62
2016-06-22,46.38
2016-06-21,46.61
2016-06-20,46.68
2016-06-17,46.13
2016-06-16,45.36
2016-06-15,46.19
2016-06-14,46.63
2016-06-13,46.92
2016-06-10,46.96
2016-06-09,47.89
2016-06-08,48.19
2016-06-07,47.28
2016-06-06,46.54
2016-06-03,46.03
2016-06-02,46.36
2016-06-01,45.95
2016-05-31,46.05
2016-05-27,44.31
2016-05-26,44.33
2016-05-25,44.39
2016-05-24,44.2
2016-05-23,44.15
2016-05-20,44.28
2016-05-19,44.31
2016-05-18,44.31
2016-05-17,44.48
2016-05-16,44.27
2016-05-13,43.69
2016-05-12,43.98
2016-05-11,43.67
2016-05-10,42.34
2016-05-09,40.96
2016-05-06,42.27
2016-05-05,41.91
2016-05-04,41.79
2016-05-03,41.87
2016-05-02,42.45
2016-04-29,43.93
2016-04-28,44.41
2016-04-27,38.96
2016-04-26,38.79
2016-04-25,38.62
2016-04-22,38.75
2016-04-21,38.57
2016-04-20,38.93
2016-04-19,38.32
2016-04-18,37.94
2016-04-15,38.04
2016-04-14,38.48
2016-04-13,38.63
2016-04-12,39.03
2016-04-11,37.73
2016-04-08,37.13
2016-04-07,35.39
2016-04-06,35.73
2016-04-05,34.14
2016-04-04,34.05
2016-04-01,34.74
2016-03-31,36.35
2016-03-30,35.17
2016-03-29,35.11
2016-03-28,35.22
2016-03-24,35.23
2016-03-23,35.31
2016-03-22,35.77
2016-03-21,35.68
2016-03-18,35.56
2016-03-17,35.6
2016-03-16,35.03
2016-03-15,34.17
2016-03-14,34.51
2016-03-11,34.98
2016-03-10,34.59
2016-03-09,35.26
2016-03-08,34.37
2016-03-07,33.64
2016-03-04,33.64
2016-03-03,32.1
2016-03-02,32.17
2016-03-01,32.17
2016-02-29,32.49
2016-02-26,29.36
2016-02-25,29.26
2016-02-24,29.34
2016-02-23,29.29
2016-02-22,29.56
2016-02-19,29.18
2016-02-18,29.54
2016-02-17,29.57
2016-02-16,28.51
2016-02-12,28.94
2016-02-11,26.9
2016-02-10,27.46
2016-02-09,30.07
2016-02-08,30.07
2016-02-05,30.07
2016-02-04,30.4
2016-02-03,30.93
2016-02-02,28.47
2016-02-01,29.94
2016-01-29,31.7
2016-01-28,30.39
2016-01-27,26.7
2016-01-26,26.59
2016-01-25,26.38
2016-01-22,26.72
2016-01-21,26.02
2016-01-20,25.56
2016-01-19,26.07
2016-01-15,26.34
2016-01-14,27.24
2016-01-13,27.02
2016-01-12,27.33
2016-01-11,27.86
2016-01-08,29.16
2016-01-07,29.0
2016-01-06,28.99
2016-01-05,30.84
2016-01-04,32.1
2015-12-31,34.59
2015-12-30,34.57
2015-12-29,34.66
2015-12-28,34.58
2015-12-24,34.72
2015-12-23,34.6
2015-12-22,34.38
2015-12-21,34.32
2015-12-18,34.58
2015-12-17,34.64
2015-12-16,34.82
2015-12-15,35.32
2015-12-14,35.33
2015-12-11,35.42
2015-12-10,36.21
2015-12-09,36.21
2015-12-08,36.31
2015-12-07,36.67
2015-12-04,38.93
2015-12-03,39.82
2015-12-02,38.57
2015-12-01,40.46
2015-11-30,40.68
2015-11-27,41.7
2015-11-25,41.92
2015-11-24,41.94
2015-11-23,41.71
2015-11-20,41.78
2015-11-19,41.65
2015-11-18,41.54
2015-11-17,41.29
2015-11-16,41.71
2015-11-13,42.11
2015-11-12,42.55
2015-11-11,43.31
2015-11-10,44.32
2015-11-09,44.16
2015-11-06,44.39
2015-11-05,44.69
2015-11-04,45.28
2015-11-03,47.02
2015-11-02,45.49
2015-10-30,46.73
2015-10-29,46.3
2015-10-28,45.96
2015-10-27,45.7
2015-10-26,45.79
2015-10-23,45.9
2015-10-22,45.93
2015-10-21,45.91
2015-10-20,46.06
2015-10-19,46.23
2015-10-16,47.13
2015-10-15,46.92
2015-10-14,46.83
2015-10-13,46.86
2015-10-12,47.14
2015-10-09,48.77
2015-10-08,49.22
2015-10-07,48.06
2015-10-06,48.69
2015-10-05,46.44
2015-10-02,45.75
2015-10-01,45.75
2015-09-30,45.66
2015-09-29,45.39
2015-09-28,45.34
2015-09-25,45.48
2015-09-24,45.46
2015-09-23,45.38
2015-09-22,45.7
2015-09-21,45.68
2015-09-18,45.13
2015-09-17,45.68
2015-09-16,45.89
2015-09-15,45.45
2015-09-14,45.55
2015-09-11,46.12
2015-09-10,47.01
2015-09-09,46.07
2015-09-08,47.34
2015-09-04,47.58
2015-09-03,48.55
2015-09-02,48.26
2015-09-01,47.58
2015-08-31,52.7
2015-08-28,48.7
2015-08-27,45.76
2015-08-26,47.08
2015-08-25,47.04
2015-08-24,46.85
2015-08-21,47.69
2015-08-20,48.2
2015-08-19,48.38
2015-08-18,49.12
2015-08-17,49.29
2015-08-14,49.59
2015-08-13,49.84
2015-08-12,50.25
2015-08-11,49.56
2015-08-10,50.65
2015-08-07,49.75
2015-08-06,49.93
2015-08-05,49.94
2015-08-04,50.09
2015-08-03,49.52
2015-07-31,52.25
2015-07-30,53.36
2015-07-29,56.11
2015-07-28,56.11
2015-07-27,56.07
2015-07-24,56.25
2015-07-23,56.37
2015-07-22,56.58
2015-07-21,56.83
2015-07-20,56.7
2015-07-17,56.95
2015-07-16,56.83
2015-07-15,56.96
2015-07-14,58.0
2015-07-13,57.89
2015-07-10,58.4
2015-07-09,58.25
2015-07-08,57.22
2015-07-07,56.82
2015-07-06,56.34
2015-07-02,61.14
2015-07-01,61.23
2015-06-30,62.58
2015-06-29,61.9
2015-06-26,61.9
2015-06-25,61.88
2015-06-24,61.88
2015-06-23,62.01
2015-06-22,61.7
2015-06-19,61.55
2015-06-18,62.09
2015-06-17,61.92
2015-06-16,61.72
2015-06-15,62.02
2015-06-12,62.43
2015-06-11,63.05
2015-06-10,63.15
2015-06-09,62.46
2015-06-08,61.01
2015-06-05,61.65
2015-06-04,60.59
2015-06-03,62.22
2015-06-02,63.72
2015-06-01,63.07
2015-05-29,63.77
2015-05-28,60.83
2015-05-27,63.38
2015-05-26,63.5
2015-05-22,63.69
2015-05-21,64.08
2015-05-20,63.65
2015-05-19,63.08
2015-05-18,64.3
2015-05-15,64.58
2015-05-14,64.64
2015-05-13,64.9
2015-05-12,64.94
2015-05-11,63.71
2015-05-08,63.96
2015-05-07,63.89
2015-05-06,65.63
2015-05-05,65.12
2015-05-04,64.13
2015-05-01,64.24
2015-04-30,64.24
2015-04-29,58.51
2015-04-28,58.43
2015-04-27,58.46
2015-04-24,58.27
2015-04-23,58.38
2015-04-22,57.95
2015-04-21,58.42
2015-04-20,58.42
2015-04-17,58.74
2015-04-16,58.74
2015-04-15,58.79
2015-04-14,56.91
2015-04-13,56.26
2015-04-10,55.98
2015-04-09,54.92
2015-04-08,54.03
2015-04-07,55.15
2015-04-06,56.24
2015-04-02,54.82
2015-04-01,55.47
2015-03-31,53.72
2015-03-30,54.64
2015-03-27,54.68
2015-03-26,55.03
2015-03-25,54.58
2015-03-24,54.33
2015-03-23,54.47
2015-03-20,54.32
2015-03-19,53.86
2015-03-18,54.57
2015-03-17,53.58
2015-03-16,53.94
2015-03-13,54.35
2015-03-12,55.53
2015-03-11,55.91
2015-03-10,55.1
2015-03-09,57.41
2015-03-06,57.41
2015-03-05,57.85
2015-03-04,58.14
2015-03-03,58.67
2015-03-02,57.03
2015-02-27,59.96
2015-02-26,57.41
2015-02-25,55.46
2015-02-24,55.08
2015-02-23,55.24
2015-02-20,56.21
2015-02-19,56.21
2015-02-18,56.21
2015-02-17,56.18
2015-02-13,55.84
2015-02-12,55.21
2015-02-11,53.27
2015-02-10,53.8
2015-02-09,54.85
2015-02-06,54.48
2015-02-05,53.65
2015-02-04,54.04
2015-02-03,52.88
2015-02-02,50.7
2015-01-30,46.76
2015-01-29,46.76
2015-01-28,45.53
2015-01-27,45.64
2015-01-26,45.41
2015-01-23,45.51
2015-01-22,45.39
2015-01-21,45.53
2015-01-20,45.28
2015-01-16,46.11
2015-01-15,45.58
2015-01-14,46.5
2015-01-13,45.35
2015-01-12,45.95
2015-01-09,47.71
2015-01-08,48.0
2015-01-07,48.23
2015-01-06,48.17
2015-01-05,49.47
2015-01-02,53.7
2014-12-31,60.11
2014-12-30,60.15
2014-12-29,60.23
2014-12-26,60.4
2014-12-24,60.41
2014-12-23,60.67
2014-12-22,60.31
2014-12-19,60.6
2014-12-18,60.05
2014-12-17,60.73
2014-12-16,60.4
2014-12-15,61.13
2014-12-12,61.58
2014-12-11,62.62
2014-12-10,62.91
2014-12-09,64.7
2014-12-08,64.23
2014-12-05,66.19
2014-12-04,66.95
2014-12-03,67.06
2014-12-02,68.03
2014-12-01,70.09
2014-11-28,67.37
2014-11-26,74.66
2014-11-25,76.73
2014-11-24,76.95
2014-11-21,77.03
2014-11-20,76.64
2014-11-19,76.3
2014-11-18,76.48
2014-11-17,76.85
2014-11-14,76.84
2014-11-13,76.13
2014-11-12,78.22
2014-11-11,78.84
2014-11-10,79.39
2014-11-07,80.18
2014-11-06,79.93
2014-11-05,80.12
2014-11-04,80.23
2014-11-03,82.11
2014-10-31,83.32
2014-10-30,83.82
2014-10-29,86.75
2014-10-28,86.64
2014-10-27,86.52
2014-10-24,86.61
2014-10-23,86.68
2014-10-22,86.34
2014-10-21,86.83
2014-10-20,86.83
2014-10-17,87.12
2014-10-16,87.05
2014-10-15,86.08
2014-10-14,87.16
2014-10-13,89.31
2014-10-10,89.65
2014-10-09,89.36
2014-10-08,90.41
2014-10-07,91.1
2014-10-06,92.51
2014-10-03,91.35
2014-10-02,92.2
2014-10-01,92.97
2014-09-30,93.18
2014-09-29,96.48
2014-09-26,96.5
2014-09-25,96.53
2014-09-24,96.52
2014-09-23,96.47
2014-09-22,96.49
2014-09-19,96.93
2014-09-18,96.69
2014-09-17,97.23
2014-09-16,97.34
2014-09-15,97.06
2014-09-12,97.01
2014-09-11,97.35
2014-09-10,97.22
2014-09-09,97.99
2014-09-08,98.44
2014-09-05,98.8
2014-09-04,99.74
2014-09-03,100.93
2014-09-02,98.67
2014-08-29,101.45
2014-08-28,100.99
2014-08-27,101.78
2014-08-26,101.67
2014-08-25,101.65
2014-08-22,101.57
2014-08-21,101.77
2014-08-20,101.74
2014-08-19,101.59
2014-08-18,101.6
2014-08-15,102.44
2014-08-14,101.77
2014-08-13,103.57
2014-08-12,102.82
2014-08-11,103.55
2014-08-08,103.61
2014-08-07,103.92
2014-08-06,103.05
2014-08-05,103.08
2014-08-04,104.24
2014-08-01,103.44
2014-07-31,104.37
2014-07-30,106.2
2014-07-29,106.29
2014-07-28,106.17
2014-07-25,106.4
2014-07-24,106.16
2014-07-23,106.36
2014-07-22,106.23
2014-07-21,106.22
2014-07-18,105.96
2014-07-17,106.35
2014-07-16,105.94
2014-07-15,105.88
2014-07-14,106.18
2014-07-11,105.79
2014-07-10,106.86
2014-07-09,106.34
2014-07-08,106.57
2014-07-07,107.4
2014-07-03,108.19
2014-07-02,108.07
2014-07-01,108.64
2014-06-30,108.4
2014-06-27,108.04
2014-06-26,108.01
2014-06-25,108.07
2014-06-24,108.2
2014-06-23,108.13
2014-06-20,108.31
2014-06-19,108.49
2014-06-18,108.2
2014-06-17,108.02
2014-06-16,107.76
2014-06-13,107.28
2014-06-12,107.34
2014-06-11,105.63
2014-06-10,105.31
2014-06-09,105.64
2014-06-06,104.96
2014-06-05,105.26
2014-06-04,104.85
2014-06-03,105.32
2014-06-02,105.03
2014-05-30,105.45
2014-05-29,106.0
2014-05-28,106.3
2014-05-27,106.54
2014-05-23,107.11
2014-05-22,107.02
2014-05-21,107.06
2014-05-20,106.27
2014-05-19,105.88
2014-05-16,106.47
2014-05-15,105.81
2014-05-14,105.56
2014-05-13,105.1
2014-05-12,104.4
2014-05-09,103.77
2014-05-08,104.09
2014-05-07,103.05
2014-05-06,103.05
2014-05-05,103.69
2014-05-02,104.68
2014-05-01,104.31
2014-04-30,104.31
2014-04-29,104.73
2014-04-28,104.65
2014-04-25,104.81
2014-04-24,104.98
2014-04-23,104.79
2014-04-22,104.8
2014-04-21,105.03
2014-04-17,104.71
2014-04-16,105.04
2014-04-15,104.93
2014-04-14,104.32
2014-04-11,103.92
2014-04-10,103.86
2014-04-09,104.08
2014-04-08,104.03
2014-04-07,102.64
2014-04-04,103.3
2014-04-03,103.1
2014-04-02,101.83
2014-04-01,102.37
2014-03-31,104.41
2014-03-28,104.33
2014-03-27,104.35
2014-03-26,104.26
2014-03-25,104.24
2014-03-24,104.15
2014-03-21,104.25
2014-03-20,104.12
2014-03-19,103.86
2014-03-18,104.24
2014-03-17,103.87
2014-03-14,104.81
2014-03-13,103.96
2014-03-12,104.09
2014-03-11,104.57
2014-03-10,104.42
2014-03-07,105.19
2014-03-06,104.55
2014-03-05,104.35
2014-03-04,105.72
2014-03-03,107.41
2014-02-28,105.45
2014-02-27,105.17
2014-02-26,105.02
2014-02-25,105.01
2014-02-24,105.31
2014-02-21,105.12
2014-02-20,105.24
2014-02-19,105.32
2014-02-18,105.48
2014-02-14,104.96
2014-02-13,104.52
2014-02-12,104.3
2014-02-11,104.13
2014-02-10,103.97
2014-02-07,104.79
2014-02-06,103.12
2014-02-05,102.31
2014-02-04,101.85
2014-02-03,102.12
2014-01-31,102.74
2014-01-30,104.03
2014-01-29,104.01
2014-01-28,104.03
2014-01-27,104.08
2014-01-24,105.73
2014-01-23,103.9
2014-01-22,104.14
2014-01-21,103.58
2014-01-17,103.52
2014-01-16,103.36
2014-01-15,103.59
2014-01-14,103.22
2014-01-13,103.67
2014-01-10,104.1
2014-01-09,103.51
2014-01-08,104.01
2014-01-07,104.19
2014-01-06,103.7
2014-01-03,103.75
2014-01-02,104.29
2013-12-31,107.34
2013-12-30,107.88
2013-12-27,107.96
2013-12-26,107.99
2013-12-24,107.92
2013-12-23,107.83
2013-12-20,107.97
2013-12-19,107.61
2013-12-18,107.44
2013-12-17,106.96
2013-12-16,107.29
2013-12-13,106.83
2013-12-12,106.9
2013-12-11,107.4
2013-12-10,107.01
2013-12-09,105.49
2013-12-06,108.24
2013-12-05,107.59
2013-12-04,108.14
2013-12-03,109.06
2013-12-02,108.15
2013-11-29,106.17
2013-11-27,107.53
2013-11-26,105.9
2013-11-25,105.95
2013-11-22,106.02
2013-11-21,105.88
2013-11-20,105.35
2013-11-19,104.96
2013-11-18,105.62
2013-11-15,105.63
2013-11-14,105.53
2013-11-13,104.73
2013-11-12,103.96
2013-11-11,104.74
2013-11-08,103.97
2013-11-07,102.8
2013-11-06,104.03
2013-11-05,103.76
2013-11-04,104.53
2013-11-01,103.69
2013-10-31,106.63
2013-10-30,106.64
2013-10-29,106.61
2013-10-28,106.82
2013-10-25,106.5
2013-10-24,106.37
2013-10-23,106.45
2013-10-22,106.9
2013-10-21,106.78
2013-10-18,106.87
2013-10-17,106.64
2013-10-16,107.28
2013-10-15,106.61
2013-10-14,107.04
2013-10-11,107.12
2013-10-10,107.57
2013-10-09,105.58
2013-10-08,106.44
2013-10-07,106.24
2013-10-04,106.0
2013-10-03,105.51
2013-10-02,105.86
2013-10-01,104.7
2013-09-30,108.27
2013-09-27,108.34
2013-09-26,108.39
2013-09-25,108.22
2013-09-24,108.35
2013-09-23,108.29
2013-09-20,108.58
2013-09-19,108.34
2013-09-18,109.02
2013-09-17,108.09
2013-09-16,108.76
2013-09-13,109.37
2013-09-12,109.24
2013-09-11,108.12
2013-09-10,107.82
2013-09-09,108.67
2013-09-06,110.36
2013-09-05,109.9
2013-09-04,109.53
2013-09-03,110.85
2013-08-30,109.0
2013-08-29,106.81
2013-08-28,106.84
2013-08-27,106.75
2013-08-26,106.37
2013-08-23,106.47
2013-08-22,106.04
2013-08-21,105.95
2013-08-20,106.13
2013-08-19,105.89
2013-08-16,106.25
2013-08-15,105.5
2013-08-14,105.15
2013-08-13,104.93
2013-08-12,104.63
2013-08-09,103.98
2013-08-08,102.93
2013-08-07,103.53
2013-08-06,104.21
2013-08-05,104.89
2013-08-02,105.12
2013-08-01,105.95
2013-07-31,103.52
2013-07-30,103.52
2013-07-29,103.58
2013-07-26,103.58
2013-07-25,103.57
2013-07-24,103.43
2013-07-23,103.68
2013-07-22,103.51
2013-07-19,103.39
2013-07-18,103.63
2013-07-17,103.61
2013-07-16,103.39
2013-07-15,103.13
2013-07-12,103.24
2013-07-11,102.54
2013-07-10,103.0
2013-07-09,102.83
2013-07-08,102.63
2013-07-05,102.99
2013-07-03,101.76
2013-07-02,100.42
2013-07-01,99.64
2013-06-28,98.95
2013-06-27,100.31
2013-06-26,100.26
2013-06-25,100.17
2013-06-24,100.07
2013-06-21,100.03
2013-06-20,100.36
2013-06-19,101.6
2013-06-18,101.59
2013-06-17,101.36
2013-06-14,101.54
2013-06-13,101.06
2013-06-12,100.16
2013-06-11,99.86
2013-06-10,100.47
2013-06-07,100.86
2013-06-06,100.09
2013-06-05,99.55
2013-06-04,100.29
2013-06-03,99.35
2013-05-31,97.69
2013-05-30,100.15
2013-05-29,100.16
2013-05-28,100.39
2013-05-24,100.16
2013-05-23,100.17
2013-05-22,100.22
2013-05-21,100.67
2013-05-20,100.94
2013-05-17,100.94
2013-05-16,100.55
2013-05-15,100.42
2013-05-14,100.12
2013-05-13,100.23
2013-05-10,100.96
2013-05-09,101.3
2013-05-08,101.22
2013-05-07,101.3
2013-05-06,102.28
2013-05-03,101.03
2013-05-02,100.01
2013-05-01,97.55
2013-04-30,101.67
2013-04-29,101.71
2013-04-26,101.71
2013-04-25,101.86
2013-04-24,101.65
2013-04-23,101.38
2013-04-22,101.35
2013-04-19,101.11
2013-04-18,101.03
2013-04-17,100.41
2013-04-16,101.32
2013-04-15,101.49
2013-04-12,102.69
2013-04-11,103.22
2013-04-10,104.1
2013-04-09,104.65
2013-04-08,103.67
2013-04-05,102.93
2013-04-04,104.34
2013-04-03,104.83
2013-04-02,108.02
2013-04-01,108.38
2013-03-28,107.36
2013-03-27,105.53
2013-03-26,105.51
2013-03-25,105.37
2013-03-22,105.28
2013-03-21,105.15
2013-03-20,105.46
2013-03-19,104.98
2013-03-18,105.59
2013-03-15,105.63
2013-03-14,105.27
2013-03-13,105.04
2013-03-12,105.72
2013-03-08,106.25
2013-03-07,106.16
2013-03-06,106.02
2013-03-05,106.23
2013-03-04,104.72
2013-03-01,105.12
2013-02-28,111.09
2013-02-27,111.35
2013-02-26,111.35
2013-02-25,111.57
2013-02-22,111.48
2013-02-21,111.3
2013-02-20,111.71
2013-02-19,112.26
2013-02-15,112.55
2013-02-14,112.63
2013-02-13,112.76
2013-02-12,112.61
2013-02-11,112.33
2013-02-08,112.84
2013-02-07,111.95
2013-02-06,111.66
2013-02-05,111.53
2013-02-04,110.65
2013-02-01,111.78
2013-01-31,107.93
2013-01-30,107.89
2013-01-29,107.85
2013-01-28,107.82
2013-01-25,107.81
2013-01-24,107.8
2013-01-23,107.68
2013-01-22,107.66
2013-01-18,107.59
2013-01-17,107.37
2013-01-16,106.66
2013-01-15,106.47
2013-01-14,107.42
2013-01-11,106.78
2013-01-10,107.46
2013-01-09,107.35
2013-01-08,107.58
2013-01-07,107.12
2013-01-04,106.95
2013-01-03,107.6
2013-01-02,107.81
2012-12-28,105.88
2012-12-27,106.26
2012-12-26,106.32
2012-12-24,105.89
2012-12-21,105.89
2012-12-20,106.17
2012-12-19,106.32
2012-12-18,105.79
2012-12-17,105.24
2012-12-14,105.49
2012-12-13,104.52
2012-12-12,105.39
2012-12-11,104.76
2012-12-10,104.57
2012-12-07,104.75
2012-12-05,106.0
2012-12-04,106.98
2012-12-03,107.59
2012-11-30,107.88
2012-11-29,107.56
2012-11-28,107.05
2012-11-27,107.03
2012-11-26,107.1
2012-11-23,107.12
2012-11-21,106.95
2012-11-20,106.55
2012-11-19,107.29
2012-11-16,106.11
2012-11-15,105.89
2012-11-14,106.23
2012-11-13,105.68
2012-11-12,106.2
2012-11-09,106.52
2012-11-08,105.06
2012-11-07,104.74
2012-11-06,108.21
2012-11-05,105.9
2012-11-02,104.23
2012-11-01,106.28
2012-10-26,108.91
2012-10-25,108.74
2012-10-24,108.46
2012-10-23,108.46
2012-10-22,108.7
2012-10-19,108.65
2012-10-18,109.48
2012-10-17,109.72
2012-10-16,109.78
2012-10-15,110.2
2012-10-12,109.81
2012-10-11,110.43
2012-10-10,109.57
2012-10-09,109.89
2012-10-08,108.33
2012-10-05,108.77
2012-10-04,109.48
2012-10-03,105.77
2012-10-02,108.91
2012-10-01,109.23
2012-09-28,109.39
2012-09-27,111.16
2012-09-26,111.04
2012-09-25,111.08
2012-09-24,110.92
2012-09-21,111.33
2012-09-20,110.99
2012-09-19,110.39
2012-09-18,111.65
2012-09-17,112.36
2012-09-14,113.6
2012-09-13,113.48
2012-09-12,113.08
2012-09-11,112.78
2012-09-10,112.33
2012-09-07,111.97
2012-09-06,111.39
2012-09-05,110.64
2012-09-04,111.46
2012-08-31,111.78
2012-08-30,108.53
2012-08-29,108.49
2012-08-27,108.16
2012-08-23,108.76
2012-08-22,108.69
2012-08-21,108.51
2012-08-20,108.1
2012-08-17,108.05
2012-08-16,108.58
2012-08-15,108.24
2012-08-14,107.25
2012-08-13,106.99
2012-08-10,106.82
2012-08-09,107.05
2012-08-08,106.36
2012-08-07,106.34
2012-08-06,104.71
2012-08-03,104.11
2012-08-02,101.42
2012-08-01,101.86
2012-07-31,99.14
2012-07-30,99.18
2012-07-27,99.21
2012-07-26,99.08
2012-07-25,98.98
2012-07-24,98.76
2012-07-23,98.72
2012-07-20,99.7
2012-07-19,100.21
2012-07-18,99.45
2012-07-17,99.05
2012-07-16,98.73
2012-07-13,97.84
2012-07-12,97.41
2012-07-11,97.28
2012-07-10,95.8
2012-07-09,97.35
2012-07-06,96.07
2012-07-05,98.02
2012-07-03,97.88
2012-07-02,95.35
2012-06-29,96.0
2012-06-28,94.33
2012-06-27,94.46
2012-06-26,94.48
2012-06-25,94.16
2012-06-22,94.14
2012-06-21,93.77
2012-06-20,94.78
2012-06-19,95.73
2012-06-18,95.83
2012-06-15,96.59
2012-06-14,96.04
2012-06-13,96.32
2012-06-12,95.9
2012-06-11,97.23
2012-06-08,97.34
2012-06-07,97.39
2012-06-06,98.02
2012-06-05,96.58
2012-06-04,96.76
2012-06-01,96.31
2012-05-31,107.31
2012-05-30,107.68
2012-05-29,107.8
2012-05-25,107.6
2012-05-24,107.49
2012-05-23,107.41
2012-05-22,108.06
2012-05-21,108.18
2012-05-18,107.68
2012-05-17,107.81
2012-05-16,108.94
2012-05-15,109.84
2012-05-14,109.86
2012-05-11,109.96
2012-05-10,110.35
2012-05-09,110.6
2012-05-08,110.27
2012-05-07,110.83
2012-05-04,111.02
2012-05-03,113.49
2012-05-02,115.25
2012-05-01,116.59
2012-04-30,117.3
2012-04-27,117.29
2012-04-26,117.29
2012-04-25,117.21
2012-04-24,117.03
2012-04-23,117.23
2012-04-20,117.26
2012-04-19,116.98
2012-04-18,117.06
2012-04-17,117.25
2012-04-16,117.28
2012-04-13,118.87
2012-04-12,119.25
2012-04-11,118.35
2012-04-10,118.05
2012-04-09,120.15
2012-04-05,120.95
2012-04-04,120.07
2012-04-03,122.23
2012-04-02,122.54
2012-03-30,119.76
2012-03-29,122.42
2012-03-28,122.52
2012-03-27,122.77
2012-03-26,122.82
2012-03-23,122.79
2012-03-22,122.28
2012-03-21,122.59
2012-03-20,122.66
2012-03-19,123.27
2012-03-16,123.45
2012-03-15,121.95
2012-03-14,122.86
2012-03-13,123.51
2012-03-12,122.84
2012-03-09,123.38
2012-03-08,122.95
2012-03-07,121.91
2012-03-06,120.4
2012-03-05,121.33
2012-03-02,120.51
2012-03-01,122.87
2012-02-29,119.49
2012-02-28,116.31
2012-02-27,116.31
2012-02-24,116.17
2012-02-23,115.92
2012-02-22,115.86
2012-02-21,115.6
2012-02-17,114.64
2012-02-16,115.17
2012-02-15,114.84
2012-02-14,114.28
2012-02-13,114.11
2012-02-10,113.48
2012-02-09,114.11
2012-02-08,113.3
2012-02-07,113.13
2012-02-06,113.11
2012-02-03,112.08
2012-02-02,109.57
2012-02-01,109.26
2012-01-31,108.7
2012-01-30,109.82
2012-01-27,109.77
2012-01-26,109.84
2012-01-25,109.62
2012-01-24,109.83
2012-01-23,109.92
2012-01-20,109.64
2012-01-19,110.21
2012-01-18,109.98
2012-01-17,110.29
2012-01-13,109.11
2012-01-12,109.35
2012-01-11,109.62
2012-01-10,110.38
2012-01-09,109.68
2012-01-06,109.95
2012-01-05,109.42
2012-01-04,110.15
2012-01-03,108.97
2012-01-02,104.43
2011-12-30,104.43
2011-12-29,106.42
2011-12-28,106.44
2011-12-27,106.71
2011-12-23,106.42
2011-12-22,106.43
2011-12-21,106.23
2011-12-20,106.15
2011-12-19,105.13
2011-12-16,105.11
2011-12-15,105.2
2011-12-14,105.28
2011-12-13,108.0
2011-12-12,107.06
2011-12-09,108.03
2011-12-08,107.57
2011-12-07,108.3
2011-12-06,109.53
2011-12-05,108.39
2011-12-02,108.61
2011-12-01,107.28
2011-11-30,109.0
2011-11-29,108.95
2011-11-28,108.93
2011-11-25,108.84
2011-11-23,108.89
2011-11-22,109.4
2011-11-21,108.8
2011-11-18,108.84
2011-11-17,108.83
2011-11-16,110.24
2011-11-15,110.46
2011-11-14,109.56
2011-11-11,110.06
2011-11-10,110.08
2011-11-09,108.66
2011-11-08,110.36
2011-11-07,110.31
2011-11-04,108.29
2011-11-03,107.47
2011-11-02,105.39
2011-11-01,106.01
2011-10-31,103.95
2011-10-28,103.96
2011-10-27,104.03
2011-10-26,103.55
2011-10-25,103.93
2011-10-24,104.1
2011-10-21,103.54
2011-10-20,103.61
2011-10-19,103.03
2011-10-18,103.95
2011-10-17,103.44
2011-10-14,104.19
2011-10-13,102.55
2011-10-12,102.7
2011-10-11,103.11
2011-10-10,102.49
2011-10-07,101.24
2011-10-06,100.96
2011-10-05,98.4
2011-10-04,95.6
2011-10-03,97.5
2011-09-30,98.64
2011-09-29,106.26
2011-09-28,106.14
2011-09-27,106.48
2011-09-26,105.85
2011-09-23,105.76
2011-09-22,105.84
2011-09-21,107.27
2011-09-20,107.31
2011-09-19,106.52
2011-09-16,107.8
2011-09-15,107.91
2011-09-14,106.54
2011-09-13,106.56
2011-09-12,106.7
2011-09-09,107.61
2011-09-08,109.39
2011-09-07,110.67
2011-09-06,108.1
2011-09-02,107.97
2011-09-01,109.67
2011-08-31,105.05
2011-08-30,105.05
2011-08-29,104.81
2011-08-26,104.82
2011-08-25,104.73
2011-08-24,104.62
2011-08-23,104.37
2011-08-22,104.14
2011-08-19,104.22
2011-08-18,103.66
2011-08-17,104.8
2011-08-16,104.2
2011-08-15,104.4
2011-08-12,103.36
2011-08-11,103.5
2011-08-10,102.82
2011-08-09,100.13
2011-08-08,100.43
2011-08-05,104.71
2011-08-04,102.45
2011-08-03,107.52
2011-08-02,110.22
2011-08-01,110.62
2011-07-29,109.99
2011-07-28,109.96
2011-07-27,109.82
2011-07-26,109.96
2011-07-25,109.84
2011-07-22,109.97
2011-07-21,109.64
2011-07-20,109.79
2011-07-19,109.34
2011-07-18,108.96
2011-07-15,109.82
2011-07-14,109.38
2011-07-13,110.3
2011-07-12,109.84
2011-07-11,109.55
2011-07-08,110.55
2011-07-07,111.14
2011-07-06,107.53
2011-07-05,107.23
2011-07-01,106.44
2011-06-30,107.77
2011-06-29,107.8
2011-06-28,107.63
2011-06-27,107.34
2011-06-24,108.45
2011-06-23,107.49
2011-06-22,109.39
2011-06-21,108.38
2011-06-20,108.48
2011-06-17,108.79
2011-06-16,108.88
2011-06-15,107.77
2011-06-14,111.23
2011-06-13,110.87
2011-06-10,110.77
2011-06-09,111.81
2011-06-08,110.92
2011-06-07,110.4
2011-06-06,108.36
2011-06-03,109.53
2011-06-02,109.4
2011-06-01,108.24
2011-05-31,110.51
2011-05-27,108.64
2011-05-26,108.59
2011-05-25,108.67
2011-05-24,107.77
2011-05-23,107.2
2011-05-20,107.76
2011-05-19,107.57
2011-05-18,108.13
2011-05-17,107.3
2011-05-16,107.73
2011-05-13,108.44
2011-05-12,107.93
2011-05-11,107.92
2011-05-10,111.37
2011-05-09,110.38
2011-05-06,105.47
2011-05-05,106.2
2011-05-04,115.26
2011-05-03,116.37
2011-05-02,119.21
2011-04-29,119.98
2011-04-28,116.03
2011-04-27,115.97
2011-04-26,115.86
2011-04-25,115.71
2011-04-21,115.73
2011-04-20,115.63
2011-04-19,114.91
2011-04-18,114.95
2011-04-15,115.78
2011-04-14,115.07
2011-04-13,115.28
2011-04-12,114.21
2011-04-11,116.0
2011-04-08,118.19
2011-04-07,115.42
2011-04-06,114.89
2011-04-05,114.93
2011-04-04,113.71
2011-04-01,111.9
2011-03-31,108.71
2011-03-30,108.69
2011-03-29,108.69
2011-03-28,108.71
2011-03-25,108.88
2011-03-24,108.89
2011-03-23,108.87
2011-03-22,108.9
2011-03-21,108.57
2011-03-18,108.2
2011-03-17,108.79
2011-03-16,106.77
2011-03-15,105.69
2011-03-14,108.41
2011-03-11,108.92
2011-03-10,110.16
2011-03-09,110.75
2011-03-08,108.66
2011-03-07,109.59
2011-03-03,109.48
2011-03-02,110.47
2011-03-01,109.78
2011-02-28,100.24
2011-02-25,99.86
2011-02-24,99.86
2011-02-23,99.59
2011-02-22,98.59
2011-02-18,97.57
2011-02-17,97.48
2011-02-16,97.88
2011-02-15,96.85
2011-02-14,97.76
2011-02-11,96.67
2011-02-10,96.91
2011-02-09,97.52
2011-02-08,96.18
2011-02-07,95.39
2011-02-04,95.38
2011-02-03,97.01
2011-02-02,97.48
2011-01-31,92.52
2011-01-28,92.58
2011-01-27,92.4
2011-01-26,92.58
2011-01-25,91.92
2011-01-24,92.18
2011-01-21,92.4
2011-01-20,92.08
2011-01-19,92.59
2011-01-18,92.39
2011-01-14,92.97
2011-01-13,92.73
2011-01-12,92.94
2011-01-11,93.03
2011-01-10,92.02
2011-01-07,90.21
2011-01-06,91.01
2011-01-05,91.97
2011-01-04,90.18
2011-01-03,91.45
2010-12-31,89.05
2010-12-30,89.23
2010-12-29,89.35
2010-12-28,89.52
2010-12-27,89.43
2010-12-23,89.54
2010-12-21,89.29
2010-12-20,89.14
2010-12-17,88.71
2010-12-16,88.65
2010-12-15,89.02
2010-12-14,88.47
2010-12-13,88.33
2010-12-10,87.84
2010-12-09,88.2
2010-12-08,87.83
2010-12-07,88.0
2010-12-06,87.91
2010-12-03,88.14
2010-12-02,87.82
2010-12-01,86.23
2010-11-30,83.65
2010-11-29,83.6
2010-11-26,83.56
2010-11-24,83.46
2010-11-23,82.95
2010-11-22,83.11
2010-11-19,83.16
2010-11-18,83.35
2010-11-17,82.69
2010-11-16,83.35
2010-11-15,84.36
2010-11-12,84.21
2010-11-11,85.32
2010-11-10,85.51
2010-11-09,85.27
2010-11-08,85.38
2010-11-05,85.15
2010-11-04,85.04
2010-11-03,83.58
2010-11-02,82.69
2010-10-29,80.22
2010-10-28,80.25
2010-10-27,80.24
2010-10-26,80.3
2010-10-25,80.31
2010-10-22,80.16
2010-10-21,79.83
2010-10-20,80.34
2010-10-19,79.5
2010-10-18,80.77
2010-10-15,79.77
2010-10-14,80.5
2010-10-13,81.12
2010-10-12,80.53
2010-10-11,80.72
2010-10-08,80.91
2010-10-07,80.4
2010-10-06,81.7
2010-10-05,81.49
2010-10-04,80.14
2010-10-01,80.66
2010-09-30,75.12
2010-09-29,75.13
2010-09-28,75.02
2010-09-27,75.06
2010-09-24,75.13
2010-09-23,75.05
2010-09-22,75.04
2010-09-21,75.15
2010-09-20,75.49
2010-09-17,75.12
2010-09-16,75.22
2010-09-15,75.63
2010-09-14,75.46
2010-09-13,75.46
2010-09-10,75.05
2010-09-09,74.57
2010-09-08,75.2
2010-09-07,75.14
2010-09-03,74.33
2010-09-02,74.8
2010-08-31,74.09
2010-08-30,74.33
2010-08-27,74.36
2010-08-26,74.25
2010-08-25,74.05
2010-08-24,73.83
2010-08-23,74.09
2010-08-20,74.23
2010-08-19,74.55
2010-08-18,75.01
2010-08-17,75.14
2010-08-16,74.45
2010-08-13,74.24
2010-08-12,74.52
2010-08-11,75.87
2010-08-10,77.21
2010-08-09,78.27
2010-08-06,77.64
2010-08-05,78.74
2010-08-04,78.82
2010-08-03,79.04
2010-08-02,78.04
2010-07-30,72.49
2010-07-29,72.46
2010-07-28,72.45
2010-07-27,72.59
2010-07-26,72.67
2010-07-23,72.67
2010-07-22,72.86
2010-07-21,72.21
2010-07-20,72.54
2010-07-19,72.37
2010-07-16,72.29
2010-07-15,72.62
2010-07-14,72.93
2010-07-13,73.09
2010-07-12,71.8
2010-07-09,72.72
2010-07-08,72.29
2010-07-07,71.5
2010-07-06,69.78
2010-07-02,69.81
2010-06-30,73.99
2010-06-29,74.02
2010-06-28,74.22
2010-06-25,74.31
2010-06-24,74.13
2010-06-23,74.13
2010-06-22,74.49
2010-06-21,74.75
2010-06-18,74.65
2010-06-17,74.78
2010-06-16,74.68
2010-06-15,74.23
2010-06-14,73.79
2010-06-11,73.41
2010-06-10,72.75
2010-06-09,71.83
2010-06-08,71.99
2010-06-07,71.8
2010-06-04,71.66
2010-06-03,74.68
2010-06-02,73.23
2010-05-28,76.46
2010-05-27,76.61
2010-05-26,76.32
2010-05-25,76.01
2010-05-24,76.36
2010-05-21,76.48
2010-05-20,76.56
2010-05-19,77.09
2010-05-18,77.27
2010-05-17,77.42
2010-05-14,78.42
2010-05-13,80.06
2010-05-12,80.66
2010-05-11,80.3
2010-05-10,79.59
2010-05-07,78.08
2010-05-06,79.11
2010-05-05,81.35
2010-05-04,84.05
2010-05-03,87.7
2010-04-30,83.59
2010-04-29,83.55
2010-04-28,83.49
2010-04-27,83.44
2010-04-26,83.56
2010-04-23,83.65
2010-04-22,83.25
2010-04-21,83.22
2010-04-20,82.9
2010-04-19,82.63
2010-04-16,83.38
2010-04-15,84.02
2010-04-14,83.65
2010-04-13,82.94
2010-04-12,82.75
2010-04-09,82.51
2010-04-08,82.43
2010-04-07,82.83
2010-04-05,83.43
2010-04-01,81.52
2010-03-31,77.31
2010-03-30,77.33
2010-03-29,77.36
2010-03-26,77.2
2010-03-25,77.24
2010-03-24,77.24
2010-03-23,77.47
2010-03-22,77.42
2010-03-19,77.25
2010-03-18,77.74
2010-03-17,78.04
2010-03-16,77.57
2010-03-15,76.74
2010-03-12,77.42
2010-03-11,77.94
2010-03-10,78.04
2010-03-09,77.76
2010-03-08,78.05
2010-03-05,77.73
2010-03-04,76.71
2010-03-03,77.2
2010-02-26,73.48
2010-02-25,73.58
2010-02-24,73.51
2010-02-23,73.71
2010-02-22,73.69
2010-02-19,73.22
2010-02-18,72.92
2010-02-17,73.37
2010-02-16,72.41
2010-02-12,72.41
2010-02-11,72.15
2010-02-10,71.6
2010-02-09,70.72
2010-02-08,70.32
2010-02-05,71.22
2010-02-04,74.55
2010-02-03,75.57
2010-02-02,72.72
2010-01-29,76.69
2010-01-28,76.73
2010-01-27,76.75
2010-01-26,76.74
2010-01-25,76.74
2010-01-22,77.27
2010-01-21,77.73
2010-01-20,77.92
2010-01-19,77.81
2010-01-15,78.51
2010-01-14,79.01
2010-01-13,78.68
2010-01-12,80.03
2010-01-11,80.91
2010-01-08,80.19
2010-01-07,80.47
2010-01-06,79.72
2010-01-05,79.86
2010-01-04,79.54
2009-12-31,75.42
2009-12-30,75.4
2009-12-29,75.35
2009-12-28,75.16
2009-12-24,75.09
2009-12-23,74.55
2009-12-22,74.39
2009-12-21,74.61
2009-12-18,74.54
2009-12-17,74.73
2009-12-16,74.68
2009-12-15,74.64
2009-12-14,74.71
2009-12-11,75.2
2009-12-10,75.62
2009-12-09,77.53
2009-12-08,78.13
2009-12-07,78.68
2009-12-04,78.94
2009-12-03,79.66
2009-12-02,79.97
2009-11-30,77.69
2009-11-27,77.72
2009-11-25,77.62
2009-11-24,77.66
2009-11-23,77.86
2009-11-20,77.74
2009-11-19,78.12
2009-11-18,78.23
2009-11-17,77.96
2009-11-16,77.52
2009-11-13,77.44
2009-11-12,78.57
2009-11-11,78.41
2009-11-10,77.92
2009-11-09,77.88
2009-11-06,78.95
2009-11-05,78.69
2009-11-04,78.39
2009-11-03,77.69
2009-11-02,76.19
2009-10-30,73.15
2009-10-29,73.08
2009-10-28,73.21
2009-10-27,73.2
2009-10-26,73.38
2009-10-23,73.53
2009-10-22,73.34
2009-10-21,72.69
2009-10-20,72.9
2009-10-19,72.76
2009-10-16,72.42
2009-10-15,71.5
2009-10-14,71.44
2009-10-13,70.76
2009-10-12,70.4
2009-10-09,69.49
2009-10-08,69.36
2009-10-07,67.41
2009-10-06,68.5
2009-10-05,68.04
2009-10-02,68.07
2009-09-30,67.64
2009-09-29,67.62
2009-09-28,67.53
2009-09-25,67.63
2009-09-24,68.0
2009-09-23,68.71
2009-09-22,68.44
2009-09-21,67.58
2009-09-18,68.54
2009-09-17,68.59
2009-09-16,68.57
2009-09-15,67.69
2009-09-14,66.88
2009-09-11,66.86
2009-09-10,68.36
2009-09-09,68.32
2009-09-08,68.01
2009-09-04,66.0
2009-09-03,66.04
2009-09-02,66.55
2009-08-31,71.36
2009-08-28,71.41
2009-08-27,71.28
2009-08-26,71.4
2009-08-25,71.64
2009-08-24,71.75
2009-08-21,71.48
2009-08-20,71.84
2009-08-19,70.71
2009-08-18,70.44
2009-08-17,70.05
2009-08-14,72.34
2009-08-13,72.36
2009-08-12,71.48
2009-08-11,72.14
2009-08-10,71.98
2009-08-07,72.02
2009-08-06,73.03
2009-08-05,72.35
2009-08-04,71.39
2009-08-03,72.14
2009-07-31,64.81
2009-07-30,64.69
2009-07-29,64.87
2009-07-28,65.15
2009-07-27,65.13
2009-07-24,64.86
2009-07-23,64.39
2009-07-22,63.97
2009-07-21,64.03
2009-07-20,64.09
2009-07-17,63.31
2009-07-16,63.45
2009-07-15,63.11
2009-07-14,62.93
2009-07-13,62.0
2009-07-10,62.31
2009-07-09,63.99
2009-07-08,62.58
2009-07-06,64.04
2009-07-02,66.42
2009-07-01,68.46
2009-06-30,69.24
2009-06-29,69.62
2009-06-26,69.1
2009-06-25,69.44
2009-06-24,68.59
2009-06-23,69.89
2009-06-22,69.35
2009-06-19,69.24
2009-06-18,69.66
2009-06-17,69.84
2009-06-16,69.88
2009-06-15,69.89
2009-06-12,70.02
2009-06-11,70.91
2009-06-10,69.9
2009-06-09,68.92
2009-06-08,68.85
2009-06-05,67.04
2009-06-04,70.57
2009-06-03,65.42
2009-06-02,67.07
2009-06-01,66.75
2009-05-29,57.72
2009-05-28,57.7
2009-05-27,57.34
2009-05-26,57.54
2009-05-22,57.46
2009-05-21,56.73
2009-05-20,57.65
2009-05-19,55.98
2009-05-18,58.04
2009-05-15,54.64
2009-05-14,56.89
2009-05-13,56.5
2009-05-12,56.89
2009-05-11,56.19
2009-05-08,58.1
2009-05-07,54.91
2009-05-05,53.12
2009-05-01,51.78
2009-04-30,50.06
2009-04-29,49.95
2009-04-28,50.05
2009-04-27,50.11
2009-04-24,49.91
2009-04-23,50.02
2009-04-22,50.03
2009-04-21,50.89
2009-04-20,49.49
2009-04-17,51.36
2009-04-16,51.49
2009-04-15,51.19
2009-04-14,52.1
2009-04-13,50.78
2009-04-09,51.81
2009-04-08,52.14
2009-04-07,52.13
2009-04-06,50.34
2009-04-02,51.95
2009-04-01,47.84
2009-03-31,45.71
2009-03-30,45.52
2009-03-27,45.63
2009-03-26,46.09
2009-03-25,45.41
2009-03-24,45.65
2009-03-23,46.1
2009-03-20,44.79
2009-03-19,45.61
2009-03-18,43.07
2009-03-17,43.43
2009-03-16,44.37
2009-03-13,42.43
2009-03-12,46.04
2009-03-11,41.93
2009-03-10,44.18
2009-03-09,43.13
2009-03-06,45.51
2009-03-04,44.2
2009-03-03,45.64
2009-03-02,40.53
2009-02-27,43.05
2009-02-26,42.85
2009-02-25,42.66
2009-02-24,42.91
2009-02-23,42.84
2009-02-20,42.57
2009-02-19,42.66
2009-02-18,43.56
2009-02-17,43.86
2009-02-13,44.44
2009-02-12,44.52
2009-02-10,44.82
2009-02-09,45.12
2009-02-06,43.48
2009-02-05,42.97
2009-01-30,44.06
2009-01-29,44.03
2009-01-28,43.98
2009-01-27,42.85
2009-01-26,43.47
2009-01-23,43.8
2009-01-22,43.79
2009-01-21,43.29
2009-01-20,43.28
2009-01-16,44.25
2009-01-15,46.75
2009-01-14,45.17
2009-01-13,47.65
2009-01-12,46.54
2009-01-09,47.36
2009-01-08,50.24
2009-01-07,45.69
2009-01-06,48.02
2009-01-05,47.22
2008-12-31,40.53
2008-12-30,40.55
2008-12-29,40.55
2008-12-26,40.4
2008-12-24,40.4
2008-12-22,41.43
2008-12-19,42.11
2008-12-18,41.32
2008-12-17,41.18
2008-12-16,40.85
2008-12-15,38.9
2008-12-12,42.07
2008-12-11,42.39
2008-12-10,38.48
2008-12-09,37.85
2008-12-08,39.51
2008-12-05,37.61
2008-12-04,39.56
2008-12-03,42.06
2008-12-02,41.87
2008-11-28,49.49
2008-11-26,49.77
2008-11-25,49.15
2008-11-24,49.17
2008-11-21,49.76
2008-11-20,50.12
2008-11-19,50.43
2008-11-18,50.94
2008-11-17,50.06
2008-11-14,50.53
2008-11-13,52.83
2008-11-12,54.05
2008-11-11,56.77
2008-11-10,56.78
2008-11-07,56.49
2008-11-06,54.65
2008-11-05,58.14
2008-11-04,62.73
2008-11-03,56.73
2008-10-31,68.15
2008-10-30,67.43
2008-10-29,68.27
2008-10-28,67.53
2008-10-27,67.72
2008-10-24,68.03
2008-10-23,70.44
2008-10-22,70.4
2008-10-21,71.89
2008-10-20,72.63
2008-10-17,71.41
2008-10-15,71.92
2008-10-14,73.65
2008-10-13,75.51
2008-10-10,72.94
2008-10-09,78.16
2008-10-08,79.64
2008-10-07,79.29
2008-10-06,82.53
2008-10-03,85.75
2008-09-30,96.18
2008-09-29,95.84
2008-09-26,96.24
2008-09-25,96.56
2008-09-24,96.37
2008-09-23,96.89
2008-09-22,96.24
2008-09-19,94.89
2008-09-18,94.84
2008-09-17,95.16
2008-09-16,93.85
2008-09-15,95.56
2008-09-12,97.97
2008-09-10,100.11
2008-09-09,102.15
2008-09-08,102.26
2008-09-05,102.13
2008-09-04,103.52
2008-09-03,105.2
2008-08-29,112.89
2008-08-28,112.89
2008-08-27,112.7
2008-08-26,112.96
2008-08-25,113.85
2008-08-22,111.48
2008-08-21,112.43
2008-08-20,112.21
2008-08-19,112.07
2008-08-18,111.38
2008-08-15,111.9
2008-08-14,112.1
2008-08-13,114.21
2008-08-12,113.01
2008-08-11,113.26
2008-08-08,113.52
2008-08-07,117.4
2008-08-06,117.1
2008-08-05,116.97
2008-08-04,117.59
2008-08-01,122.17
2008-07-31,130.99
2008-07-30,131.73
2008-07-29,130.79
2008-07-28,131.65
2008-07-25,130.65
2008-07-24,132.07
2008-07-23,132.11
2008-07-22,131.87
2008-07-21,134.09
2008-07-18,132.75
2008-07-17,131.68
2008-07-16,133.95
2008-07-14,139.1
2008-07-11,139.28
2008-07-10,138.78
2008-07-09,134.36
2008-07-08,133.76
2008-07-07,136.95
2008-07-03,140.05
2008-07-02,138.71
2008-07-01,135.4
2008-06-30,127.76
2008-06-27,127.11
2008-06-26,127.46
2008-06-25,127.49
2008-06-24,127.28
2008-06-23,127.28
2008-06-20,127.52
2008-06-19,126.72
2008-06-18,128.35
2008-06-17,126.92
2008-06-16,127.57
2008-06-12,129.71
2008-06-11,129.66
2008-06-10,127.17
2008-06-09,128.5
2008-06-06,132.13
2008-06-05,123.52
2008-06-04,120.14
2008-06-03,120.8
2008-06-02,122.29
2008-05-30,119.68
2008-05-29,119.38
2008-05-28,120.23
2008-05-27,120.16
2008-05-23,120.57
2008-05-22,118.92
2008-05-21,117.63
2008-05-20,116.85
2008-05-19,116.93
2008-05-16,118.23
2008-05-15,117.49
2008-05-14,116.75
2008-05-13,117.96
2008-05-12,115.08
2008-05-09,115.22
2008-05-08,115.74
2008-05-07,115.48
2008-05-06,113.64
2008-05-05,111.67
2008-05-02,108.56
2008-04-30,103.52
2008-04-29,103.65
2008-04-28,103.18
2008-04-25,103.65
2008-04-24,103.69
2008-04-23,103.25
2008-04-22,103.22
2008-04-21,102.56
2008-04-18,101.95
2008-04-17,101.95
2008-04-16,102.22
2008-04-15,102.36
2008-04-14,100.63
2008-04-11,100.67
2008-04-10,98.9
2008-04-09,99.47
2008-04-08,98.26
2008-04-07,99.54
2008-04-04,99.35
2008-04-03,96.86
2008-04-02,98.44
2008-04-01,94.97
2008-03-31,96.8
2008-03-28,96.8
2008-03-27,96.41
2008-03-26,96.24
2008-03-25,96.09
2008-03-24,96.03
2008-03-20,97.57
2008-03-19,96.91
2008-03-18,98.8
2008-03-17,98.35
2008-03-14,97.61
2008-03-12,96.42
2008-03-11,95.78
2008-03-10,98.77
2008-03-07,99.02
2008-03-05,97.18
2008-03-04,92.1
2008-03-03,95.6
2008-02-29,89.91
2008-02-28,89.9
2008-02-27,89.52
2008-02-26,89.69
2008-02-25,89.22
2008-02-22,89.91
2008-02-21,88.82
2008-02-20,89.69
2008-02-19,90.24
2008-02-15,87.7
2008-02-14,88.74
2008-02-13,87.81
2008-02-12,87.55
2008-02-11,88.57
2008-02-08,87.46
2008-02-07,84.85
2008-02-06,84.91
2008-02-05,84.97
2008-02-04,86.87
2008-01-31,87.39
2008-01-30,87.36
2008-01-29,87.24
2008-01-28,87.23
2008-01-25,87.01
2008-01-23,85.46
2008-01-22,87.36
2008-01-18,87.87
2008-01-15,88.66
2008-01-14,89.72
2008-01-11,88.63
2008-01-10,88.97
2008-01-09,89.36
2008-01-08,90.55
2008-01-07,89.72
2008-01-04,91.62
2008-01-03,92.04
2007-12-31,85.79
2007-12-28,85.67
2007-12-27,85.13
2007-12-26,85.17
2007-12-24,85.2
2007-12-21,85.2
2007-12-20,85.23
2007-12-19,85.5
2007-12-18,85.63
2007-12-17,85.72
2007-12-14,85.96
2007-12-13,86.04
2007-12-12,87.52
2007-12-11,83.25
2007-12-10,84.56
2007-12-07,83.17
2007-12-06,84.47
2007-12-05,84.45
2007-12-04,84.65
2007-12-03,84.46
2007-11-30,86.94
2007-11-29,86.95
2007-11-28,87.24
2007-11-27,87.51
2007-11-26,87.25
2007-11-23,87.27
2007-11-21,86.44
2007-11-20,86.36
2007-11-19,85.41
2007-11-16,85.37
2007-11-15,84.9
2007-11-14,85.97
2007-11-13,86.92
2007-11-12,87.33
2007-11-09,88.2
2007-11-08,88.23
2007-11-07,86.12
2007-11-06,85.71
2007-11-05,84.54
2007-11-02,85.82
2007-11-01,84.14
2007-10-31,77.26
2007-10-30,77.22
2007-10-29,77.15
2007-10-26,76.72
2007-10-25,76.26
2007-10-24,76.33
2007-10-23,76.72
2007-10-22,76.72
2007-10-19,76.22
2007-10-18,76.24
2007-10-17,76.27
2007-10-16,75.06
2007-10-15,74.66
2007-10-12,74.27
2007-10-11,73.61
2007-10-10,72.63
2007-10-09,74.28
2007-10-08,73.58
2007-10-05,73.33
2007-10-04,73.59
2007-10-03,73.88
2007-10-02,72.75
2007-09-28,73.19
2007-09-27,73.09
2007-09-26,72.97
2007-09-25,72.79
2007-09-24,72.56
2007-09-21,72.32
2007-09-20,72.12
2007-09-19,71.88
2007-09-18,71.66
2007-09-17,71.52
2007-09-14,71.29
2007-09-13,70.98
2007-09-12,70.64
2007-09-11,70.35
2007-09-10,70.1
2007-09-07,69.89
2007-09-06,69.57
2007-09-05,69.16
2007-09-04,69.02
2007-08-31,67.35
2007-08-30,67.32
2007-08-29,67.35
2007-08-28,67.34
2007-08-27,67.34
2007-08-24,67.38
2007-08-23,67.45
2007-08-22,67.52
2007-08-21,67.56
2007-08-20,67.58
2007-08-17,67.65
2007-08-16,67.74
2007-08-15,67.83
2007-08-14,68.02
2007-08-13,68.25
2007-08-10,68.65
2007-08-09,68.65
2007-08-08,68.99
2007-08-07,69.67
2007-08-06,69.94
2007-08-03,70.08
2007-08-02,70.73
2007-08-01,69.75
2007-07-31,69.53
2007-07-30,69.54
2007-07-27,69.54
2007-07-26,69.45
2007-07-25,69.46
2007-07-24,69.41
2007-07-23,69.31
2007-07-20,69.17
2007-07-19,69.04
2007-07-18,69.06
2007-07-17,69.05
2007-07-16,69.6
2007-07-13,70.2
2007-07-12,69.92
2007-07-11,69.47
2007-07-10,69.62
2007-07-09,69.68
2007-07-06,69.41
2007-07-03,68.7
2007-07-02,68.7
2007-06-29,65.77
2007-06-28,65.77
2007-06-27,65.76
2007-06-26,65.7
2007-06-25,65.66
2007-06-22,65.64
2007-06-21,65.57
2007-06-20,65.46
2007-06-19,65.31
2007-06-18,65.18
2007-06-12,65.04
2007-06-11,65.15
2007-06-08,65.0
2007-06-07,64.81
2007-06-06,64.6
2007-06-05,64.26
2007-06-04,64.35
2007-06-01,64.35
2007-05-31,64.62
2007-05-30,64.61
2007-05-29,64.64
2007-05-25,65.07
2007-05-24,65.21
2007-05-23,65.23
2007-05-22,64.89
2007-05-21,65.36
2007-05-18,65.1
2007-05-17,65.52
2007-05-16,64.39
2007-05-15,64.42
2007-05-14,63.67
2007-05-11,63.53
2007-05-10,62.83
2007-05-09,62.09
2007-05-08,62.29
2007-05-07,62.29
2007-05-04,62.89
2007-05-03,63.29
2007-05-02,63.24
2007-05-01,63.84
2007-04-30,63.93
2007-04-27,64.0
2007-04-26,64.0
2007-04-25,64.08
2007-04-24,63.72
2007-04-23,64.05
2007-04-20,63.57
2007-04-19,63.38
2007-04-18,63.4
2007-04-17,63.18
2007-04-16,63.65
2007-04-13,64.4
2007-04-12,64.45
2007-04-11,63.8
2007-04-10,63.8
2007-04-09,63.45
2007-04-05,64.25
2007-04-04,64.3
2007-04-03,63.55
2007-04-02,64.25
2007-03-30,58.8
2007-03-29,58.91
2007-03-28,58.82
2007-03-27,58.72
2007-03-26,58.67
2007-03-23,58.42
2007-03-22,58.43
2007-03-21,57.97
2007-03-20,57.76
2007-03-19,57.91
2007-03-16,57.82
2007-03-15,58.0
2007-03-14,58.38
2007-03-13,58.27
2007-03-12,58.12
2007-03-09,58.43
2007-03-08,59.39
2007-03-07,59.49
2007-03-05,57.94
2007-03-02,59.3
2007-03-01,59.36
2007-02-28,55.76
2007-02-27,55.67
2007-02-26,55.64
2007-02-23,55.63
2007-02-22,55.62
2007-02-21,55.48
2007-02-20,55.16
2007-02-16,55.63
2007-02-15,55.11
2007-02-14,54.93
2007-02-13,55.6
2007-02-12,54.9
2007-02-09,56.18
2007-02-08,56.29
2007-02-07,55.25
2007-02-06,55.64
2007-02-05,55.56
2007-02-02,55.87
2007-02-01,54.26
2007-01-31,51.59
2007-01-30,51.74
2007-01-29,51.61
2007-01-26,51.72
2007-01-25,51.67
2007-01-24,51.19
2007-01-23,51.37
2007-01-22,50.66
2007-01-19,51.13
2007-01-18,50.71
2007-01-17,53.28
2007-01-16,54.22
2007-01-12,55.2
2007-01-11,54.56
2007-01-10,56.01
2007-01-09,57.24
2007-01-08,57.59
2007-01-05,57.62
2007-01-02,58.99
2006-12-29,58.69
2006-12-28,58.74
2006-12-27,59.01
2006-12-26,58.92
2006-12-22,59.01
2006-12-21,58.87
2006-12-20,58.63
2006-12-19,59.19
2006-12-18,59.18
2006-12-15,58.5
2006-12-14,58.29
2006-12-13,58.57
2006-12-12,59.29
2006-12-11,59.54
2006-12-08,59.97
2006-12-07,60.29
2006-12-06,60.67
2006-12-05,61.02
2006-12-04,61.24
2006-12-01,62.39
2006-11-30,56.66
2006-11-29,56.62
2006-11-28,56.59
2006-11-27,56.44
2006-11-24,56.34
2006-11-22,56.34
2006-11-21,56.14
2006-11-20,56.28
2006-11-17,56.98
2006-11-16,56.79
2006-11-15,56.91
2006-11-14,57.34
2006-11-13,57.91
2006-11-10,57.18
2006-11-09,56.44
2006-11-08,57.41
2006-11-07,56.67
2006-11-06,57.17
2006-11-03,56.57
2006-11-02,55.43
2006-11-01,56.45
2006-10-31,56.53
2006-10-30,56.52
2006-10-27,56.66
2006-10-26,56.36
2006-10-25,56.12
2006-10-24,56.06
2006-10-23,56.7
2006-10-20,56.26
2006-10-19,56.71
2006-10-18,57.09
2006-10-17,56.6
2006-10-16,56.14
2006-10-13,55.85
2006-10-12,55.75
2006-10-11,57.02
2006-10-10,55.97
2006-10-09,56.83
2006-10-06,56.35
2006-10-05,56.54
2006-10-04,55.91
2006-10-03,55.23
2006-10-02,57.21
2006-09-28,59.66
2006-09-27,59.69
2006-09-26,59.44
2006-09-25,59.87
2006-09-22,59.69
2006-09-21,59.81
2006-09-20,60.83
2006-09-19,60.68
2006-09-18,60.85
2006-09-15,61.32
2006-09-14,60.87
2006-09-13,62.2
2006-09-12,62.21
2006-09-11,62.26
2006-09-08,61.71
2006-09-07,62.65
2006-09-06,62.94
2006-09-05,63.94
2006-09-01,64.83
2006-08-31,68.79
2006-08-30,68.83
2006-08-29,68.86
2006-08-28,69.27
2006-08-25,68.97
2006-08-24,69.17
2006-08-23,69.26
2006-08-22,69.28
2006-08-21,68.96
2006-08-18,68.99
2006-08-17,69.62
2006-08-16,69.91
2006-08-15,70.27
2006-08-14,70.48
2006-08-11,70.84
2006-08-10,71.84
2006-08-09,71.86
2006-08-08,71.28
2006-08-07,70.71
2006-08-04,71.26
2006-08-03,71.61
2006-08-02,71.83
2006-08-01,70.92
2006-07-31,69.25
2006-07-28,69.18
2006-07-27,69.05
2006-07-26,69.37
2006-07-25,68.95
2006-07-24,69.15
2006-07-21,69.33
2006-07-20,69.45
2006-07-19,70.08
2006-07-18,70.84
2006-07-17,70.68
2006-07-14,69.71
2006-07-13,68.79
2006-07-12,68.48
2006-07-11,69.29
2006-07-10,68.81
2006-07-07,69.31
2006-07-06,69.14
2006-07-05,69.93
2006-06-30,65.17
2006-06-29,64.86
2006-06-28,64.52
2006-06-27,64.26
2006-06-26,64.07
2006-06-23,63.79
2006-06-22,63.6
2006-06-21,63.33
2006-06-20,62.94
2006-06-19,62.97
2006-06-15,63.1
2006-06-14,63.09
2006-06-13,63.0
2006-06-12,64.25
2006-06-09,65.18
2006-06-08,64.2
2006-06-07,64.41
2006-06-06,65.66
2006-06-05,65.99
2006-06-02,68.98
2006-06-01,64.1
2006-05-31,64.99
2006-05-30,64.99
2006-05-26,64.76
2006-05-25,65.0
2006-05-24,64.84
2006-05-23,64.29
2006-05-22,64.94
2006-05-19,64.49
2006-05-18,65.4
2006-05-17,64.89
2006-05-16,65.54
2006-05-15,65.01
2006-05-12,66.42
2006-05-11,67.19
2006-05-10,66.75
2006-05-09,65.91
2006-05-08,65.23
2006-05-05,65.78
2006-05-04,65.3
2006-05-03,67.23
2006-05-02,66.96
2006-05-01,66.45
2006-04-28,64.19
2006-04-27,64.38
2006-04-26,64.34
2006-04-25,64.49
2006-04-24,64.01
2006-04-21,63.7
2006-04-20,64.4
2006-04-19,65.1
2006-04-18,65.95
